Count,Date,BTC / USDT price,Token name,24h price change %,Trade,Trade price,Comission,Profit %,Profit total %
1,19-01-2023 21:27:29,21034.03,RVN,14.969,BUY,0.026,0.0003,-0.01,-0.01
2,19-01-2023 21:32:35,21032.47,RVN,14.311,SELL,0.0259,0.0003,-0.3182,-0.3282
3,19-01-2023 21:37:39,21032.93,,0,,,0,0,-0.3282
4,19-01-2023 21:42:47,21013.68,ENJ,12.437,BUY,0.4222,0.0042,-0.01,-0.3382
5,19-01-2023 21:47:51,20991.22,ENJ,11.852,SELL,0.4209,0.0042,-0.3179,-0.6561
6,19-01-2023 21:52:58,20957.17,VOXEL,11.623,BUY,0.2132,0.0021,-0.01,-0.6661
7,19-01-2023 21:58:05,20937.7,,12.356,,,0,0,-0.6661
8,19-01-2023 22:03:12,20969.86,VOXEL,11.024,SELL,0.2115,0.0021,-0.8074,-1.4735
9,19-01-2023 22:08:16,20989.15,,0,,,0,0,-1.4735
10,19-01-2023 22:13:23,20997.18,,0,,,0,0,-1.4735
11,19-01-2023 22:18:28,20996.33,FXS,14.15,BUY,9.955,0.0995,-0.01,-1.4835
12,19-01-2023 22:23:35,21000.43,FXS,13.782,SELL,9.948,0.0995,-0.0803,-1.5638
13,19-01-2023 22:28:40,20991.68,FLUX,12.608,BUY,0.652,0.0065,-0.01,-1.5738
14,19-01-2023 22:33:44,21012.46,FLUX,12.069,SELL,0.65,0.0065,-0.3167,-1.8905
15,19-01-2023 22:38:50,21009.42,RAY,10.703,BUY,0.2348,0.0023,-0.01,-1.9005
16,19-01-2023 22:43:54,21034.88,RAY,10.212,SELL,0.2342,0.0023,-0.2655,-2.1661
17,19-01-2023 22:49:00,21030.76,RVN,14.45,BUY,0.0258,0.0003,-0.01,-2.1761
18,19-01-2023 22:54:07,21041.44,,14.463,,,0,0,-2.1761
19,19-01-2023 22:59:13,21074.03,,14.57,,,0,0,-2.1761
20,19-01-2023 23:04:18,21068.01,,15.139,,,0,0,-2.1761
21,19-01-2023 23:09:22,21038.2,RVN,14.658,SELL,0.026,0.0003,0.5709,-1.6051
22,19-01-2023 23:14:28,21018.76,ENJ,11.934,BUY,0.4155,0.0042,-0.01,-1.6151
23,19-01-2023 23:19:34,21033.75,,12.446,,,0,0,-1.6151
24,19-01-2023 23:24:38,21036.56,ENJ,11.97,SELL,0.4144,0.0041,-0.2747,-1.8898
25,19-01-2023 23:29:42,21063.92,,0,,,0,0,-1.8898
26,19-01-2023 23:34:46,21088.05,,0,,,0,0,-1.8898
27,19-01-2023 23:39:54,21061.98,HBAR,14.391,BUY,0.062,0.0006,-0.01,-1.8998
28,19-01-2023 23:44:59,21069.69,,14.576,,,0,0,-1.8998
29,19-01-2023 23:50:04,21060.04,HBAR,13.653,SELL,0.0616,0.0006,-0.6552,-2.555
30,19-01-2023 23:55:10,21081.84,,0,,,0,0,-2.555
31,20-01-2023 00:00:15,21077.88,FXS,16.971,BUY,10.063,0.1006,-0.01,-2.565
32,20-01-2023 00:05:20,21089.04,,17.999,,,0,0,-2.565
33,20-01-2023 00:10:23,21054.58,FXS,16.935,SELL,10.095,0.101,0.308,-2.257
34,20-01-2023 00:15:31,21053.51,WAXP,18.007,BUY,0.0675,0.0007,-0.01,-2.267
35,20-01-2023 00:20:36,21057.68,,21.913,,,0,0,-2.267
36,20-01-2023 00:25:41,21082.91,WAXP,22.164,SELL,0.07,0.0007,3.6937,1.4267
37,20-01-2023 00:30:46,21117.58,,0,,,0,0,1.4267
38,20-01-2023 00:35:53,21081.11,KNC,13.128,BUY,0.81,0.0081,-0.01,1.4167
39,20-01-2023 00:41:00,21081.16,KNC,11.342,SELL,0.805,0.008,-0.6273,0.7894
40,20-01-2023 00:46:05,21060.36,RVN,13.188,BUY,0.0255,0.0003,-0.01,0.7794
41,20-01-2023 00:51:16,21043.17,RVN,13.369,SELL,0.0254,0.0003,-0.2062,0.5733
42,20-01-2023 00:56:20,21049.19,,0,,,0,0,0.5733
43,20-01-2023 01:01:25,21044.14,ENJ,15.267,BUY,0.413,0.0041,-0.01,0.5633
44,20-01-2023 01:06:30,21022.18,,14.869,,,0,0,0.5633
45,20-01-2023 01:11:38,21045.63,,15.801,,,0,0,0.5633
46,20-01-2023 01:16:44,21062.99,,15.825,,,0,0,0.5633
47,20-01-2023 01:21:51,21073.7,ENJ,15.474,SELL,0.4164,0.0042,0.8132,1.3765
48,20-01-2023 01:26:56,21097.33,,0,,,0,0,1.3765
49,20-01-2023 01:32:06,21115.54,,0,,,0,0,1.3765
50,20-01-2023 01:37:13,21095.89,VOXEL,14.226,BUY,0.2184,0.0022,-0.01,1.3665
51,20-01-2023 01:42:17,21106.63,,16.458,,,0,0,1.3665
52,20-01-2023 01:47:21,21098.07,VOXEL,14.301,SELL,0.219,0.0022,0.2647,1.6312
53,20-01-2023 01:52:28,21114.43,,0,,,0,0,1.6312
54,20-01-2023 01:57:34,21127.89,,0,,,0,0,1.6312
55,20-01-2023 02:02:42,21137.21,,0,,,0,0,1.6312
56,20-01-2023 02:07:49,21117.59,FXS,18.33,BUY,10.135,0.1013,-0.01,1.6212
57,20-01-2023 02:12:55,21122.28,,18.651,,,0,0,1.6212
58,20-01-2023 02:18:02,21115,,18.85,,,0,0,1.6212
59,20-01-2023 02:23:07,21152.02,,19.439,,,0,0,1.6212
60,20-01-2023 02:28:14,21173.92,,19.735,,,0,0,1.6212
61,20-01-2023 02:33:21,21198.39,FXS,19.117,SELL,10.2,0.102,0.6313,2.2526
62,20-01-2023 02:38:27,21123.23,WAXP,25.175,BUY,0.0716,0.0007,-0.01,2.2426
63,20-01-2023 02:43:33,21107.6,WAXP,24.825,SELL,0.0714,0.0007,-0.2893,1.9532
64,20-01-2023 02:48:37,21103.81,NEXO,15.049,BUY,0.818,0.0082,-0.01,1.9432
65,20-01-2023 02:53:43,21098.12,NEXO,14.789,SELL,0.815,0.0081,-0.3767,1.5665
66,20-01-2023 02:58:48,21085.45,RVN,12.56,BUY,0.0256,0.0003,-0.01,1.5565
67,20-01-2023 03:03:53,21104.19,,12.588,,,0,0,1.5565
68,20-01-2023 03:09:01,21100.14,,12.763,,,0,0,1.5565
69,20-01-2023 03:14:08,21094.03,,13.03,,,0,0,1.5565
70,20-01-2023 03:19:13,21068.64,,13.386,,,0,0,1.5565
71,20-01-2023 03:24:18,21093.45,RVN,12.696,SELL,0.0258,0.0003,0.7703,2.3268
72,20-01-2023 03:29:22,21094.43,,0,,,0,0,2.3268
73,20-01-2023 03:34:27,21098.21,,0,,,0,0,2.3268
74,20-01-2023 03:39:31,21077.45,ENJ,18.434,BUY,0.4234,0.0042,-0.01,2.3168
75,20-01-2023 03:44:36,21106.38,,18.38,,,0,0,2.3168
76,20-01-2023 03:49:42,21094.8,ENJ,17.964,SELL,0.4229,0.0042,-0.1281,2.1887
77,20-01-2023 03:54:48,21093.48,VOXEL,16.851,BUY,0.2219,0.0022,-0.01,2.1787
78,20-01-2023 03:59:52,21089.6,VOXEL,16.535,SELL,0.2213,0.0022,-0.2804,1.8983
79,20-01-2023 04:04:59,21096.44,,0,,,0,0,1.8983
80,20-01-2023 04:10:05,21084.72,FXS,18.754,BUY,10.429,0.1043,-0.01,1.8883
81,20-01-2023 04:15:11,21100.19,,18.953,,,0,0,1.8883
82,20-01-2023 04:20:22,21108.8,,18.567,,,0,0,1.8883
83,20-01-2023 04:25:27,21108.96,,18.504,,,0,0,1.8883
84,20-01-2023 04:30:32,21123.12,FXS,18.236,SELL,10.549,0.1055,1.1406,3.029
85,20-01-2023 04:35:37,21113.16,WAXP,28.72,BUY,0.0744,0.0007,-0.01,3.019
86,20-01-2023 04:40:44,21077.25,,30.052,,,0,0,3.019
87,20-01-2023 04:45:51,21032.96,WAXP,29.138,SELL,0.0749,0.0007,0.662,3.681
88,20-01-2023 04:50:55,21052.77,,0,,,0,0,3.681
89,20-01-2023 04:56:01,20996.99,HOOK,16.459,BUY,1.8284,0.0183,-0.01,3.671
90,20-01-2023 05:01:06,20998.02,HOOK,15.628,SELL,1.8134,0.0181,-0.8304,2.8406
91,20-01-2023 05:06:09,20998.52,,0,,,0,0,2.8406
92,20-01-2023 05:11:16,21010.37,,0,,,0,0,2.8406
93,20-01-2023 05:16:21,21032.51,,0,,,0,0,2.8406
94,20-01-2023 05:21:26,21010.46,NEXO,13.536,BUY,0.822,0.0082,-0.01,2.8306
95,20-01-2023 05:26:31,20978.26,,13.361,,,0,0,2.8306
96,20-01-2023 05:31:36,20982.07,,13.636,,,0,0,2.8306
97,20-01-2023 05:36:42,20992.37,NEXO,13.342,SELL,0.824,0.0082,0.2333,3.0639
98,20-01-2023 05:41:49,20956.85,ENJ,15.359,BUY,0.4176,0.0042,-0.01,3.0539
99,20-01-2023 05:46:54,20971.25,,15.756,,,0,0,3.0539
100,20-01-2023 05:51:58,21002.77,,16.276,,,0,0,3.0539
101,20-01-2023 05:57:03,20980.02,ENJ,15.718,SELL,0.4189,0.0042,0.3013,3.3552
102,20-01-2023 06:02:07,20963.16,DATA,14.141,BUY,0.0383,0.0004,-0.01,3.3452
103,20-01-2023 06:07:12,20976.6,,17.227,,,0,0,3.3452
104,20-01-2023 06:12:18,20978.52,,18.997,,,0,0,3.3452
105,20-01-2023 06:17:25,20955.02,DATA,19.158,SELL,0.0399,0.0004,4.3549,7.7001
106,20-01-2023 06:22:31,20946.98,VOXEL,12.46,BUY,0.2121,0.0021,-0.01,7.6901
107,20-01-2023 06:27:38,20978.99,,12.792,,,0,0,7.6901
108,20-01-2023 06:32:45,20992.9,,14.119,,,0,0,7.6901
109,20-01-2023 06:37:49,20978.24,,14.301,,,0,0,7.6901
110,20-01-2023 06:42:53,20964.75,,14.445,,,0,0,7.6901
111,20-01-2023 06:47:58,20979.4,,14.86,,,0,0,7.6901
112,20-01-2023 06:53:03,20963.23,VOXEL,14.21,SELL,0.2162,0.0022,1.9231,9.6132
113,20-01-2023 06:58:12,20943.07,WAXP,24.785,BUY,0.0725,0.0007,-0.01,9.6032
114,20-01-2023 07:03:18,20951.69,,25,,,0,0,9.6032
115,20-01-2023 07:08:25,20951.96,,22.896,,,0,0,9.6032
116,20-01-2023 07:13:34,20930.79,WAXP,23.051,SELL,0.0726,0.0007,0.1279,9.7311
117,20-01-2023 07:18:42,20913.33,HOOK,15.019,BUY,1.8005,0.018,-0.01,9.7211
118,20-01-2023 07:23:48,20946.49,,16.278,,,0,0,9.7211
119,20-01-2023 07:28:56,20964.76,,16.57,,,0,0,9.7211
120,20-01-2023 07:34:01,20966.98,,17.591,,,0,0,9.7211
121,20-01-2023 07:39:05,20976.2,HOOK,17.058,SELL,1.8199,0.0182,1.0675,10.7886
122,20-01-2023 07:44:13,20975.15,NEXO,12.569,BUY,0.815,0.0081,-0.01,10.7786
123,20-01-2023 07:49:19,20974.94,,12.707,,,0,0,10.7786
124,20-01-2023 07:54:24,20950.36,NEXO,12.276,SELL,0.814,0.0081,-0.1327,10.6459
125,20-01-2023 07:59:29,20961.04,,0,,,0,0,10.6459
126,20-01-2023 08:04:35,20953.3,SNX,13.86,BUY,2.407,0.0241,-0.01,10.6359
127,20-01-2023 08:09:39,20968.55,,14.036,,,0,0,10.6359
128,20-01-2023 08:14:42,20951.11,SNX,13.132,SELL,2.395,0.0239,-0.5085,10.1273
129,20-01-2023 08:19:48,20963.25,,0,,,0,0,10.1273
130,20-01-2023 08:24:53,20931.2,RVN,16.547,BUY,0.0275,0.0003,-0.01,10.1173
131,20-01-2023 08:29:59,20929.87,,17.423,,,0,0,10.1173
132,20-01-2023 08:35:07,20924.23,RVN,14.545,SELL,0.0271,0.0003,-1.644,8.4733
133,20-01-2023 08:40:14,20943.41,,0,,,0,0,8.4733
134,20-01-2023 08:45:21,20945.88,,0,,,0,0,8.4733
135,20-01-2023 08:50:30,20940.32,VOXEL,13.822,BUY,0.2174,0.0022,-0.01,8.4633
136,20-01-2023 08:55:35,20926.77,VOXEL,13.627,SELL,0.2168,0.0022,-0.286,8.1774
137,20-01-2023 09:00:40,20946,,0,,,0,0,8.1774
138,20-01-2023 09:05:47,20942.02,WAXP,21.595,BUY,0.0732,0.0007,-0.01,8.1674
139,20-01-2023 09:10:55,20921.77,WAXP,22.074,SELL,0.073,0.0007,-0.2832,7.8841
140,20-01-2023 09:16:02,20910.82,HOOK,16.075,BUY,1.7922,0.0179,-0.01,7.8741
141,20-01-2023 09:21:08,20932.73,,17.352,,,0,0,7.8741
142,20-01-2023 09:26:16,20930.91,,19.942,,,0,0,7.8741
143,20-01-2023 09:31:22,20949.13,HOOK,19.085,SELL,1.8438,0.0184,2.8691,10.7433
144,20-01-2023 09:36:27,20981.88,,0,,,0,0,10.7433
145,20-01-2023 09:41:32,20964.69,MAGIC,12.885,BUY,0.778,0.0078,-0.01,10.7333
146,20-01-2023 09:46:37,20957.01,MAGIC,11.303,SELL,0.7671,0.0077,-1.411,9.3222
147,20-01-2023 09:51:43,20968.62,,0,,,0,0,9.3222
148,20-01-2023 09:56:50,20956.16,SNX,13.647,BUY,2.415,0.0242,-0.01,9.3122
149,20-01-2023 10:01:55,20963.57,SNX,13.707,SELL,2.414,0.0241,-0.0514,9.2608
150,20-01-2023 10:07:02,20946.03,RVN,12.868,BUY,0.0268,0.0003,-0.01,9.2508
151,20-01-2023 10:12:09,20940.56,RVN,12.332,SELL,0.0268,0.0003,-0.2335,9.0173
152,20-01-2023 10:17:15,20945.38,,0,,,0,0,9.0173
153,20-01-2023 10:22:21,20932.13,VOXEL,15.514,BUY,0.2204,0.0022,-0.01,9.0073
154,20-01-2023 10:27:26,20933.65,VOXEL,15.147,SELL,0.2197,0.0022,-0.3276,8.6797
155,20-01-2023 10:32:30,20934.66,,0,,,0,0,8.6797
156,20-01-2023 10:37:35,20952.48,,0,,,0,0,8.6797
157,20-01-2023 10:42:41,20941.41,WAXP,16.343,BUY,0.0719,0.0007,-0.01,8.6697
158,20-01-2023 10:47:48,20952.06,WAXP,17.32,SELL,0.0718,0.0007,-0.1491,8.5206
159,20-01-2023 10:52:54,20948.68,HOOK,22.597,BUY,1.8772,0.0188,-0.01,8.5106
160,20-01-2023 10:57:58,20959.85,,23.272,,,0,0,8.5106
161,20-01-2023 11:03:04,20972.55,,24.255,,,0,0,8.5106
162,20-01-2023 11:08:09,20967.98,,25.448,,,0,0,8.5106
163,20-01-2023 11:13:16,20965.18,HOOK,26.607,SELL,1.911,0.0191,1.7906,10.3012
164,20-01-2023 11:18:24,20972.34,,0,,,0,0,10.3012
165,20-01-2023 11:23:28,20954.15,NEXO,15.9,BUY,0.831,0.0083,-0.01,10.2912
166,20-01-2023 11:28:34,20950.08,,15.716,,,0,0,10.2912
167,20-01-2023 11:33:40,20959.72,,17.5,,,0,0,10.2912
168,20-01-2023 11:38:46,20974.8,NEXO,15.139,SELL,0.829,0.0083,-0.2507,10.0405
169,20-01-2023 11:43:52,20972.32,MAGIC,14.569,BUY,0.7746,0.0077,-0.01,10.0305
170,20-01-2023 11:48:58,20976.84,,14.386,,,0,0,10.0305
171,20-01-2023 11:54:04,20965.74,MAGIC,13.321,SELL,0.7733,0.0077,-0.1778,9.8527
172,20-01-2023 11:59:09,20964.47,SNX,12.908,BUY,2.388,0.0239,-0.01,9.8427
173,20-01-2023 12:04:15,20967.09,,13.169,,,0,0,9.8427
174,20-01-2023 12:09:19,20978.09,SNX,12.778,SELL,2.383,0.0238,-0.2194,9.6233
175,20-01-2023 12:14:25,20989.53,,0,,,0,0,9.6233
176,20-01-2023 12:19:30,21017.6,,0,,,0,0,9.6233
177,20-01-2023 12:24:35,21009.67,VOXEL,14.573,BUY,0.2162,0.0022,-0.01,9.6133
178,20-01-2023 12:29:42,21031.83,VOXEL,13.862,SELL,0.2152,0.0022,-0.4725,9.1407
179,20-01-2023 12:34:46,21070.83,,0,,,0,0,9.1407
180,20-01-2023 12:39:54,21070.86,,0,,,0,0,9.1407
181,20-01-2023 12:45:00,21078.07,,0,,,0,0,9.1407
182,20-01-2023 12:50:04,21101.13,,0,,,0,0,9.1407
183,20-01-2023 12:55:10,21119.69,,0,,,0,0,9.1407
184,20-01-2023 13:00:17,21094.62,FXS,11.515,BUY,10.023,0.1002,-0.01,9.1307
185,20-01-2023 13:05:25,21113.02,,12.06,,,0,0,9.1307
186,20-01-2023 13:10:32,21122.31,,12.882,,,0,0,9.1307
187,20-01-2023 13:15:37,21101.71,,14.018,,,0,0,9.1307
188,20-01-2023 13:20:42,21090.04,FXS,12.911,SELL,10.066,0.1007,0.419,9.5497
189,20-01-2023 13:25:52,21088.9,HOOK,32.459,BUY,1.989,0.0199,-0.01,9.5397
190,20-01-2023 13:30:56,21076.52,HOOK,31.18,SELL,1.9879,0.0199,-0.0653,9.4744
191,20-01-2023 13:36:01,21088.82,,0,,,0,0,9.4744
192,20-01-2023 13:41:06,21091.73,,0,,,0,0,9.4744
193,20-01-2023 13:46:10,21092.82,,0,,,0,0,9.4744
194,20-01-2023 13:51:16,21056.06,NEXO,17.361,BUY,0.845,0.0084,-0.01,9.4644
195,20-01-2023 13:56:22,21053.92,,17.012,,,0,0,9.4644
196,20-01-2023 14:01:28,21063.38,NEXO,17.036,SELL,0.845,0.0084,-0.01,9.4544
197,20-01-2023 14:06:34,21098.76,,0,,,0,0,9.4544
198,20-01-2023 14:11:40,21075.17,ATM,24.204,BUY,3.9,0.039,-0.01,9.4444
199,20-01-2023 14:16:48,21095.2,ATM,22.756,SELL,3.83,0.0383,-1.8049,7.6396
200,20-01-2023 14:21:57,21077.57,MAGIC,18.806,BUY,0.808,0.0081,-0.01,7.6296
201,20-01-2023 14:27:03,21061.51,,18.912,,,0,0,7.6296
202,20-01-2023 14:32:10,21043.42,MAGIC,18.975,SELL,0.8076,0.0081,-0.0595,7.5701
203,20-01-2023 14:37:18,21049.19,,0,,,0,0,7.5701
204,20-01-2023 14:42:24,21139.98,,0,,,0,0,7.5701
205,20-01-2023 14:47:28,21108.51,VOXEL,13.822,BUY,0.2141,0.0021,-0.01,7.5601
206,20-01-2023 14:52:33,21149.5,,13.929,,,0,0,7.5601
207,20-01-2023 14:57:38,21155,,14.711,,,0,0,7.5601
208,20-01-2023 15:02:45,21150.42,VOXEL,13.99,SELL,0.2151,0.0022,0.4571,8.0171
209,20-01-2023 15:07:52,21190.4,,0,,,0,0,8.0171
210,20-01-2023 15:13:00,21187.19,HFT,12.26,BUY,0.3507,0.0035,-0.01,8.0071
211,20-01-2023 15:18:07,21152.11,,12.468,,,0,0,8.0071
212,20-01-2023 15:23:14,21199.92,,12.756,,,0,0,8.0071
213,20-01-2023 15:28:18,21163.18,,14.299,,,0,0,8.0071
214,20-01-2023 15:33:23,21160.8,HFT,14.249,SELL,0.3552,0.0036,1.2731,9.2803
215,20-01-2023 15:38:29,21143.57,HOOK,24.508,BUY,1.9239,0.0192,-0.01,9.2703
216,20-01-2023 15:43:36,21139.35,HOOK,24.094,SELL,1.9206,0.0192,-0.1815,9.0888
217,20-01-2023 15:48:41,21120.95,NEXO,16.027,BUY,0.847,0.0085,-0.01,9.0788
218,20-01-2023 15:53:48,21122.91,,16.346,,,0,0,9.0788
219,20-01-2023 15:58:53,21140.92,,16.667,,,0,0,9.0788
220,20-01-2023 16:04:02,21159.29,,17.778,,,0,0,9.0788
221,20-01-2023 16:09:06,21155.03,,17.265,,,0,0,9.0788
222,20-01-2023 16:14:12,21158.2,,17.379,,,0,0,9.0788
223,20-01-2023 16:19:19,21193,,16.076,,,0,0,9.0788
224,20-01-2023 16:24:25,21208,,16.667,,,0,0,9.0788
225,20-01-2023 16:29:31,21223.03,,16.94,,,0,0,9.0788
226,20-01-2023 16:34:36,21228.55,NEXO,15.416,SELL,0.846,0.0085,-0.1281,8.9507
227,20-01-2023 16:39:41,21284.69,,0,,,0,0,8.9507
228,20-01-2023 16:44:47,21315.79,,0,,,0,0,8.9507
229,20-01-2023 16:49:51,21361.79,,0,,,0,0,8.9507
230,20-01-2023 16:54:57,21374.01,,0,,,0,0,8.9507
231,20-01-2023 17:00:04,21314.76,ATM,27.987,BUY,4.07,0.0407,-0.01,8.9407
232,20-01-2023 17:05:11,21353.28,ATM,26.266,SELL,3.99,0.0399,-1.9756,6.9651
233,20-01-2023 17:10:15,21369.84,,0,,,0,0,6.9651
234,20-01-2023 17:15:23,21366.57,APT,17.28,BUY,9.0422,0.0904,-0.01,6.9551
235,20-01-2023 17:20:27,21386.84,,18.021,,,0,0,6.9551
236,20-01-2023 17:25:32,21357.51,APT,18.213,SELL,9.0876,0.0909,0.4921,7.4472
237,20-01-2023 17:30:39,21330.79,MAGIC,16.16,BUY,0.8374,0.0084,-0.01,7.4372
238,20-01-2023 17:35:45,21341.26,MAGIC,13.773,SELL,0.831,0.0083,-0.7743,6.6629
239,20-01-2023 17:40:49,21357.06,,0,,,0,0,6.6629
240,20-01-2023 17:45:57,21341.72,HFT,17.854,BUY,0.369,0.0037,-0.01,6.6529
241,20-01-2023 17:51:07,21335,,19.105,,,0,0,6.6529
242,20-01-2023 17:56:14,21367.18,HFT,19.34,SELL,0.3727,0.0037,0.9927,7.6456
243,20-01-2023 18:01:19,21382.37,,0,,,0,0,7.6456
244,20-01-2023 18:06:27,21372.86,HOOK,24.535,BUY,1.9369,0.0194,-0.01,7.6356
245,20-01-2023 18:11:39,21330.02,HOOK,24.14,SELL,1.9305,0.0193,-0.3404,7.2952
246,20-01-2023 18:16:44,21417.99,,0,,,0,0,7.2952
247,20-01-2023 18:21:52,21333.75,HBAR,20.732,BUY,0.0693,0.0007,-0.01,7.2852
248,20-01-2023 18:26:58,21336.36,HBAR,18.15,SELL,0.0677,0.0007,-2.3188,4.9664
249,20-01-2023 18:32:06,21335.21,ATM,27.129,BUY,4.03,0.0403,-0.01,4.9564
250,20-01-2023 18:37:12,21367.23,,28.302,,,0,0,4.9564
251,20-01-2023 18:42:19,21380.22,ATM,26.73,SELL,4.03,0.0403,-0.01,4.9464
252,20-01-2023 18:47:24,21392.04,,0,,,0,0,4.9464
253,20-01-2023 18:52:32,21372.3,APT,18.385,BUY,9.1751,0.0918,-0.01,4.9364
254,20-01-2023 18:57:39,21374.46,APT,18.101,SELL,9.1675,0.0917,-0.0928,4.8436
255,20-01-2023 19:02:44,21363.92,RNDR,16.426,BUY,0.645,0.0065,-0.01,4.8336
256,20-01-2023 19:07:50,21386.21,RNDR,14.801,SELL,0.636,0.0064,-1.4053,3.4282
257,20-01-2023 19:12:56,21393.16,,0,,,0,0,3.4282
258,20-01-2023 19:18:04,21381.22,RPL,16.63,BUY,36.82,0.3682,-0.01,3.4182
259,20-01-2023 19:23:09,21386.85,RPL,15.107,SELL,36.65,0.3665,-0.4717,2.9465
260,20-01-2023 19:28:14,21374.56,HOOK,23.439,BUY,1.9412,0.0194,-0.01,2.9365
261,20-01-2023 19:33:20,21382.71,,23.548,,,0,0,2.9365
262,20-01-2023 19:38:27,21391.46,,23.061,,,0,0,2.9365
263,20-01-2023 19:43:33,21407.08,HOOK,23.366,SELL,1.9466,0.0195,0.2682,3.2047
264,20-01-2023 19:48:39,21414.89,,0,,,0,0,3.2047
265,20-01-2023 19:53:46,21471.76,,0,,,0,0,3.2047
266,20-01-2023 19:58:52,21491.64,,0,,,0,0,3.2047
267,20-01-2023 20:03:57,21617.57,,0,,,0,0,3.2047
268,20-01-2023 20:09:03,21901.03,,0,,,0,0,3.2047
269,20-01-2023 20:14:10,21859.66,HBAR,22.165,BUY,0.0711,0.0007,-0.01,3.1947
270,20-01-2023 20:19:16,21900,,23.024,,,0,0,3.1947
271,20-01-2023 20:24:22,21893.6,,31.897,,,0,0,3.1947
272,20-01-2023 20:29:28,21865.14,,37.694,,,0,0,3.1947
273,20-01-2023 20:34:34,21918.32,HBAR,34.715,SELL,0.078,0.0008,9.6946,12.8893
274,20-01-2023 20:39:38,22130.55,,0,,,0,0,12.8893
275,20-01-2023 20:44:45,22119.51,ATM,20.505,BUY,3.82,0.0382,-0.01,12.8793
276,20-01-2023 20:49:57,22176.31,,21.767,,,0,0,12.8793
277,20-01-2023 20:55:03,22296.16,,22.397,,,0,0,12.8793
278,20-01-2023 21:00:12,22291.85,ATM,21.384,SELL,3.86,0.0386,1.0371,13.9165
279,20-01-2023 21:05:18,22375.49,,0,,,0,0,13.9165
280,20-01-2023 21:10:26,22325.11,APT,22.443,BUY,9.6621,0.0966,-0.01,13.9065
281,20-01-2023 21:15:33,22238.77,APT,21.476,SELL,9.6089,0.0961,-0.5606,13.3458
282,20-01-2023 21:20:40,22256.86,,0,,,0,0,13.3458
283,20-01-2023 21:25:49,22277.57,,0,,,0,0,13.3458
284,20-01-2023 21:30:56,22287.75,,0,,,0,0,13.3458
285,20-01-2023 21:36:04,22318.65,,0,,,0,0,13.3458
286,20-01-2023 21:41:11,22305.11,PNT,33.69,BUY,0.2,0.002,-0.01,13.3358
287,20-01-2023 21:46:16,22298.92,,35.605,,,0,0,13.3358
288,20-01-2023 21:51:22,22308.01,,38.785,,,0,0,13.3358
289,20-01-2023 21:56:29,22332.36,,50.033,,,0,0,13.3358
290,20-01-2023 22:01:35,22326.95,PNT,39.426,SELL,0.209,0.0021,4.49,17.8258
291,20-01-2023 22:06:40,22357.78,,0,,,0,0,17.8258
292,20-01-2023 22:11:47,22395.79,,0,,,0,0,17.8258
293,20-01-2023 22:16:53,22407.92,,0,,,0,0,17.8258
294,20-01-2023 22:22:01,22634.88,,0,,,0,0,17.8258
295,20-01-2023 22:27:08,22581.09,RNDR,25.532,BUY,0.708,0.0071,-0.01,17.8158
296,20-01-2023 22:32:13,22557.78,,25.972,,,0,0,17.8158
297,20-01-2023 22:37:19,22629.8,RNDR,26.11,SELL,0.71,0.0071,0.2725,18.0883
298,20-01-2023 22:42:26,22606.55,HOOK,30.181,BUY,2.0678,0.0207,-0.01,18.0783
299,20-01-2023 22:47:31,22665.49,,30.613,,,0,0,18.0783
300,20-01-2023 22:52:37,22619.92,HOOK,28.853,SELL,2.0494,0.0205,-0.8998,17.1785
301,20-01-2023 22:57:43,22585.07,DYDX,29.886,BUY,1.708,0.0171,-0.01,17.1685
302,20-01-2023 23:02:46,22613.57,,30.577,,,0,0,17.1685
303,20-01-2023 23:07:52,22623.24,DYDX,30.312,SELL,1.711,0.0171,0.1656,17.3341
304,20-01-2023 23:12:58,22637.72,,0,,,0,0,17.3341
305,20-01-2023 23:18:06,22665.29,,0,,,0,0,17.3341
306,20-01-2023 23:23:11,22649.73,MAGIC,35.467,BUY,0.9862,0.0099,-0.01,17.3241
307,20-01-2023 23:28:16,22665.99,,35.731,,,0,0,17.3241
308,20-01-2023 23:33:21,22645.29,MAGIC,32.247,SELL,0.958,0.0096,-2.8695,14.4547
309,20-01-2023 23:38:29,22640.18,APT,37.061,BUY,10.8514,0.1085,-0.01,14.4447
310,20-01-2023 23:43:36,22647.57,,37.926,,,0,0,14.4447
311,20-01-2023 23:48:42,22653.84,,38.228,,,0,0,14.4447
312,20-01-2023 23:53:48,22666.61,,38.507,,,0,0,14.4447
313,20-01-2023 23:58:54,22695.57,,39.492,,,0,0,14.4447
314,21-01-2023 00:03:59,22621.42,,41.211,,,0,0,14.4447
315,21-01-2023 00:09:06,22702.18,,44.427,,,0,0,14.4447
316,21-01-2023 00:14:13,22518.74,APT,39.714,SELL,10.872,0.1087,0.1798,14.6245
317,21-01-2023 00:19:19,22523.41,,0,,,0,0,14.6245
318,21-01-2023 00:24:27,22565.9,,0,,,0,0,14.6245
319,21-01-2023 00:29:33,22596.05,,0,,,0,0,14.6245
320,21-01-2023 00:34:39,22635.35,,0,,,0,0,14.6245
321,21-01-2023 00:39:48,22608.22,SKL,31.886,BUY,0.0362,0.0004,-0.01,14.6145
322,21-01-2023 00:44:54,22616.53,,34.319,,,0,0,14.6145
323,21-01-2023 00:50:01,22597.89,SKL,33.48,SELL,0.0365,0.0004,1.0135,15.628
324,21-01-2023 00:55:09,22606.53,,0,,,0,0,15.628
325,21-01-2023 01:00:15,22599.68,PNT,25.919,BUY,0.1885,0.0019,-0.01,15.618
326,21-01-2023 01:05:24,22607.46,PNT,24.498,SELL,0.186,0.0019,-1.3363,14.2818
327,21-01-2023 01:10:32,22579.91,HOOK,33.735,BUY,2.1086,0.0211,-0.01,14.2718
328,21-01-2023 01:15:38,22575.61,,35.549,,,0,0,14.2718
329,21-01-2023 01:20:45,22585.79,HOOK,34.469,SELL,2.1234,0.0212,0.6919,14.9637
330,21-01-2023 01:25:54,22601.29,,0,,,0,0,14.9637
331,21-01-2023 01:30:58,22583.25,DYDX,29.239,BUY,1.715,0.0172,-0.01,14.9537
332,21-01-2023 01:36:04,22602.37,DYDX,28.852,SELL,1.706,0.0171,-0.5348,14.4189
333,21-01-2023 01:41:10,22607.41,,0,,,0,0,14.4189
334,21-01-2023 01:46:20,22594.12,MAGIC,29.289,BUY,0.9389,0.0094,-0.01,14.4089
335,21-01-2023 01:51:26,22580.5,MAGIC,29.228,SELL,0.9369,0.0094,-0.223,14.1859
336,21-01-2023 01:56:33,22579.5,APT,38.197,BUY,11.2187,0.1122,-0.01,14.1759
337,21-01-2023 02:01:38,22583.99,,37.751,,,0,0,14.1759
338,21-01-2023 02:06:45,22597.38,,38.018,,,0,0,14.1759
339,21-01-2023 02:11:48,22610.22,,39.562,,,0,0,14.1759
340,21-01-2023 02:16:55,22611.05,,40.667,,,0,0,14.1759
341,21-01-2023 02:21:59,22615.71,,41.339,,,0,0,14.1759
342,21-01-2023 02:27:07,22618.28,,41.826,,,0,0,14.1759
343,21-01-2023 02:32:13,22615.98,APT,40.75,SELL,11.3843,0.1138,1.4661,15.642
344,21-01-2023 02:37:19,22601.22,SKL,35.192,BUY,0.0373,0.0004,-0.01,15.632
345,21-01-2023 02:42:25,22569.24,SKL,34.976,SELL,0.0372,0.0004,-0.2778,15.3542
346,21-01-2023 02:47:30,22575.97,,0,,,0,0,15.3542
347,21-01-2023 02:52:36,22557.13,NKN,23.673,BUY,0.1165,0.0012,-0.01,15.3442
348,21-01-2023 02:57:42,22553.91,,24.548,,,0,0,15.3442
349,21-01-2023 03:02:49,22553.29,NKN,22.611,SELL,0.1155,0.0012,-0.8684,14.4758
350,21-01-2023 03:07:53,22561.75,,0,,,0,0,14.4758
351,21-01-2023 03:13:02,22520.8,HOOK,40.44,BUY,2.2483,0.0225,-0.01,14.4658
352,21-01-2023 03:18:14,22537.87,HOOK,40.085,SELL,2.2415,0.0224,-0.3125,14.1533
353,21-01-2023 03:23:22,22556,,0,,,0,0,14.1533
354,21-01-2023 03:28:29,22556.85,,0,,,0,0,14.1533
355,21-01-2023 03:33:39,22538.22,DYDX,26.667,BUY,1.691,0.0169,-0.01,14.1433
356,21-01-2023 03:38:47,22546.07,,27.218,,,0,0,14.1433
357,21-01-2023 03:43:53,22565.66,DYDX,26.292,SELL,1.686,0.0169,-0.3057,13.8377
358,21-01-2023 03:48:59,22549.86,MAGIC,29.606,BUY,0.9399,0.0094,-0.01,13.8277
359,21-01-2023 03:54:06,22547.13,MAGIC,29.288,SELL,0.9376,0.0094,-0.2547,13.573
360,21-01-2023 03:59:14,22546.91,APT,40.123,BUY,11.2457,0.1125,-0.01,13.563
361,21-01-2023 04:04:22,22522.74,,41.399,,,0,0,13.563
362,21-01-2023 04:09:27,22548.26,,41.947,,,0,0,13.563
363,21-01-2023 04:14:37,22570.32,,42.873,,,0,0,13.563
364,21-01-2023 04:19:43,22578.28,APT,41.936,SELL,11.3983,0.114,1.347,14.9099
365,21-01-2023 04:24:49,22601.92,,0,,,0,0,14.9099
366,21-01-2023 04:29:56,22612.24,,0,,,0,0,14.9099
367,21-01-2023 04:35:04,22617.58,,0,,,0,0,14.9099
368,21-01-2023 04:40:11,22617.22,SKL,33.454,BUY,0.0369,0.0004,-0.01,14.8999
369,21-01-2023 04:45:17,22625.84,,33.986,,,0,0,14.8999
370,21-01-2023 04:50:23,22616.12,SKL,33.224,SELL,0.0367,0.0004,-0.5791,14.3208
371,21-01-2023 04:55:30,22592.62,OP,28.37,BUY,2.276,0.0228,-0.01,14.3108
372,21-01-2023 05:00:36,22596.86,,29.03,,,0,0,14.3108
373,21-01-2023 05:05:42,22595.79,,30.231,,,0,0,14.3108
374,21-01-2023 05:10:48,22583.28,OP,27.293,SELL,2.262,0.0226,-0.6251,13.6857
375,21-01-2023 05:15:56,22578.95,UNFI,24.884,BUY,5.39,0.0539,-0.01,13.6757
376,21-01-2023 05:21:03,22579.11,,25.267,,,0,0,13.6757
377,21-01-2023 05:26:09,22602.39,,27.883,,,0,0,13.6757
378,21-01-2023 05:31:16,22606.84,,28.521,,,0,0,13.6757
379,21-01-2023 05:36:21,22597.05,,31.716,,,0,0,13.6757
380,21-01-2023 05:41:26,22585.79,UNFI,31.142,SELL,5.605,0.0561,3.9789,17.6546
381,21-01-2023 05:46:33,22586.29,,0,,,0,0,17.6546
382,21-01-2023 05:51:41,22580.32,DYDX,28.991,BUY,1.713,0.0171,-0.01,17.6446
383,21-01-2023 05:56:48,22576.98,,29.239,,,0,0,17.6446
384,21-01-2023 06:01:52,22569.66,DYDX,29.501,SELL,1.712,0.0171,-0.0684,17.5762
385,21-01-2023 06:06:58,22566.64,PNT,24.666,BUY,0.1865,0.0019,-0.01,17.5662
386,21-01-2023 06:12:05,22570.92,,24.85,,,0,0,17.5662
387,21-01-2023 06:17:10,22593.18,PNT,24.163,SELL,0.1855,0.0019,-0.5462,17.02
388,21-01-2023 06:22:15,22588.96,APT,45.043,BUY,11.4178,0.1142,-0.01,17.01
389,21-01-2023 06:27:21,22602.35,,46.048,,,0,0,17.01
390,21-01-2023 06:32:29,22604.06,,46.314,,,0,0,17.01
391,21-01-2023 06:37:33,22596.76,,50.339,,,0,0,17.01
392,21-01-2023 06:42:39,22609.5,,50.901,,,0,0,17.01
393,21-01-2023 06:47:44,22615.05,,52.817,,,0,0,17.01
394,21-01-2023 06:52:49,22611.38,,60.144,,,0,0,17.01
395,21-01-2023 06:57:55,22610.78,APT,58.788,SELL,12.5538,0.1255,9.9394,26.9494
396,21-01-2023 07:03:01,22614.63,,0,,,0,0,26.9494
397,21-01-2023 07:08:08,22615.26,,0,,,0,0,26.9494
398,21-01-2023 07:13:15,22620.68,,0,,,0,0,26.9494
399,21-01-2023 07:18:21,22615.56,SKL,31.941,BUY,0.036,0.0004,-0.01,26.9394
400,21-01-2023 07:23:27,22649.58,,32.357,,,0,0,26.9394
401,21-01-2023 07:28:33,22636.92,SKL,31.858,SELL,0.036,0.0004,0.0733,27.0127
402,21-01-2023 07:33:42,22610.6,OP,32.679,BUY,2.367,0.0237,-0.01,27.0027
403,21-01-2023 07:38:48,22627.29,,33.521,,,0,0,27.0027
404,21-01-2023 07:43:54,22645.19,,34.008,,,0,0,27.0027
405,21-01-2023 07:49:02,22643,,34.775,,,0,0,27.0027
406,21-01-2023 07:54:07,22621.97,OP,33.39,SELL,2.369,0.0237,0.0745,27.0772
407,21-01-2023 07:59:15,22641.62,,0,,,0,0,27.0772
408,21-01-2023 08:04:19,22660.77,,0,,,0,0,27.0772
409,21-01-2023 08:09:26,22696.77,,0,,,0,0,27.0772
410,21-01-2023 08:14:33,22756.03,,0,,,0,0,27.0772
411,21-01-2023 08:19:39,22716.72,HOOK,30.46,BUY,2.3775,0.0238,-0.01,27.0672
412,21-01-2023 08:24:45,22701.6,HOOK,29.463,SELL,2.3684,0.0237,-0.3928,26.6744
413,21-01-2023 08:29:55,22672.2,OCEAN,29.712,BUY,0.3427,0.0034,-0.01,26.6644
414,21-01-2023 08:34:59,22698.98,,34.18,,,0,0,26.6644
415,21-01-2023 08:40:04,22741.2,,34.204,,,0,0,26.6644
416,21-01-2023 08:45:11,22763.24,,35.958,,,0,0,26.6644
417,21-01-2023 08:50:17,22730.81,OCEAN,32.967,SELL,0.3509,0.0035,2.3828,29.0472
418,21-01-2023 08:55:23,22731.43,,0,,,0,0,29.0472
419,21-01-2023 09:00:29,22709.5,API3,34.198,BUY,1.656,0.0166,-0.01,29.0372
420,21-01-2023 09:05:35,22716.61,API3,31.711,SELL,1.624,0.0162,-1.9424,27.0948
421,21-01-2023 09:10:40,22744.83,,0,,,0,0,27.0948
422,21-01-2023 09:15:46,22760.05,,0,,,0,0,27.0948
423,21-01-2023 09:20:54,22738.5,APT,55.746,BUY,12.3919,0.1239,-0.01,27.0848
424,21-01-2023 09:25:59,22719.74,,55.972,,,0,0,27.0848
425,21-01-2023 09:31:03,22730.92,,56.839,,,0,0,27.0848
426,21-01-2023 09:36:09,22750.34,,55.535,,,0,0,27.0848
427,21-01-2023 09:41:12,22768.65,,55.737,,,0,0,27.0848
428,21-01-2023 09:46:17,22806.75,APT,54.575,SELL,12.5246,0.1252,1.0609,28.1457
429,21-01-2023 09:51:22,22883.17,,0,,,0,0,28.1457
430,21-01-2023 09:56:27,22951.17,,0,,,0,0,28.1457
431,21-01-2023 10:01:34,23038.14,,0,,,0,0,28.1457
432,21-01-2023 10:06:38,23178.56,,0,,,0,0,28.1457
433,21-01-2023 10:11:45,23261.11,,0,,,0,0,28.1457
434,21-01-2023 10:16:51,23274.37,,0,,,0,0,28.1457
435,21-01-2023 10:21:57,23240.62,PNT,28.916,BUY,0.1926,0.0019,-0.01,28.1357
436,21-01-2023 10:27:02,22783.43,PNT,27.041,SELL,0.1898,0.0019,-1.4638,26.6719
437,21-01-2023 10:32:08,22755.73,OP,29.299,BUY,2.286,0.0229,-0.01,26.6619
438,21-01-2023 10:37:14,22771.02,,31.528,,,0,0,26.6619
439,21-01-2023 10:42:20,22777.24,,31.826,,,0,0,26.6619
440,21-01-2023 10:47:25,22826.81,,32.994,,,0,0,26.6619
441,21-01-2023 10:52:30,22705.23,OP,31.656,SELL,2.329,0.0233,1.871,28.5329
442,21-01-2023 10:57:36,22726.41,,0,,,0,0,28.5329
443,21-01-2023 11:02:40,22795.9,,0,,,0,0,28.5329
444,21-01-2023 11:07:50,22762.65,MULTI,24.864,BUY,9.19,0.0919,-0.01,28.5229
445,21-01-2023 11:12:55,22682.3,MULTI,24.321,SELL,9.15,0.0915,-0.4453,28.0776
446,21-01-2023 11:18:01,22705.07,,0,,,0,0,28.0776
447,21-01-2023 11:23:07,22743.66,,0,,,0,0,28.0776
448,21-01-2023 11:28:13,22818.7,,0,,,0,0,28.0776
449,21-01-2023 11:33:17,22903.39,,0,,,0,0,28.0776
450,21-01-2023 11:38:24,22852.26,OCEAN,31.65,BUY,0.3494,0.0035,-0.01,28.0676
451,21-01-2023 11:43:29,22891.96,,31.965,,,0,0,28.0676
452,21-01-2023 11:48:34,22887.78,,32.769,,,0,0,28.0676
453,21-01-2023 11:53:41,22907.29,,34.099,,,0,0,28.0676
454,21-01-2023 11:58:45,22889.66,OCEAN,33.585,SELL,0.3544,0.0035,1.421,29.4886
455,21-01-2023 12:03:50,22913.51,,0,,,0,0,29.4886
456,21-01-2023 12:08:54,22989.19,,0,,,0,0,29.4886
457,21-01-2023 12:13:59,22973.07,API3,41.338,BUY,1.754,0.0175,-0.01,29.4786
458,21-01-2023 12:19:04,22982.41,,42.88,,,0,0,29.4786
459,21-01-2023 12:24:09,22997.36,API3,42.593,SELL,1.771,0.0177,0.9592,30.4379
460,21-01-2023 12:29:15,22991.47,APT,51.882,BUY,12.3934,0.1239,-0.01,30.4279
461,21-01-2023 12:34:20,22978.59,APT,51.756,SELL,12.383,0.1238,-0.0939,30.3339
462,21-01-2023 12:39:26,22986.12,,0,,,0,0,30.3339
463,21-01-2023 12:44:32,22993.68,,0,,,0,0,30.3339
464,21-01-2023 12:49:39,22961.77,PNT,27.579,BUY,0.1929,0.0019,-0.01,30.3239
465,21-01-2023 12:54:47,23016.02,PNT,27.363,SELL,0.1927,0.0019,-0.1137,30.2103
466,21-01-2023 12:59:55,23047.49,,0,,,0,0,30.2103
467,21-01-2023 13:05:02,23019.35,OP,33.744,BUY,2.386,0.0239,-0.01,30.2003
468,21-01-2023 13:10:11,23003.48,,36.374,,,0,0,30.2003
469,21-01-2023 13:15:16,22988.49,,38.285,,,0,0,30.2003
470,21-01-2023 13:20:24,22964.54,OP,35.69,SELL,2.418,0.0242,1.3312,31.5314
471,21-01-2023 13:25:31,22956.23,DYDX,26.084,BUY,1.687,0.0169,-0.01,31.5214
472,21-01-2023 13:30:37,22972.26,,27.3,,,0,0,31.5214
473,21-01-2023 13:35:42,22920.54,DYDX,25.915,SELL,1.686,0.0169,-0.0693,31.4521
474,21-01-2023 13:40:50,22920.05,OCEAN,29.731,BUY,0.3421,0.0034,-0.01,31.4421
475,21-01-2023 13:45:54,22910.69,,29.632,,,0,0,31.4421
476,21-01-2023 13:51:00,22923.33,,30.285,,,0,0,31.4421
477,21-01-2023 13:56:07,22950.1,OCEAN,30.202,SELL,0.3423,0.0034,0.0485,31.4906
478,21-01-2023 14:01:15,22945,API3,37.097,BUY,1.7,0.017,-0.01,31.4806
479,21-01-2023 14:06:20,22954.3,,37.299,,,0,0,31.4806
480,21-01-2023 14:11:24,22914.42,API3,36.605,SELL,1.698,0.017,-0.1276,31.353
481,21-01-2023 14:16:32,22904.95,APT,53.356,BUY,12.4461,0.1245,-0.01,31.343
482,21-01-2023 14:21:38,22905.19,,54.294,,,0,0,31.343
483,21-01-2023 14:26:45,22920.74,,55.108,,,0,0,31.343
484,21-01-2023 14:31:50,22940.79,,56.094,,,0,0,31.343
485,21-01-2023 14:36:57,22953.43,APT,55.068,SELL,12.5461,0.1255,0.7935,32.1364
486,21-01-2023 14:42:05,22990,,0,,,0,0,32.1364
487,21-01-2023 14:47:11,23011.99,,0,,,0,0,32.1364
488,21-01-2023 14:52:17,22945.8,PHB,28.257,BUY,1.2287,0.0123,-0.01,32.1264
489,21-01-2023 14:57:22,22967.4,PHB,26.782,SELL,1.2166,0.0122,-0.9948,31.1316
490,21-01-2023 15:02:28,22962.64,OP,30.011,BUY,2.309,0.0231,-0.01,31.1216
491,21-01-2023 15:07:34,22987.68,,30.106,,,0,0,31.1216
492,21-01-2023 15:12:40,23005.83,OP,30.208,SELL,2.319,0.0232,0.4231,31.5447
493,21-01-2023 15:17:45,23065.46,,0,,,0,0,31.5447
494,21-01-2023 15:22:50,23095.05,,0,,,0,0,31.5447
495,21-01-2023 15:27:56,23169.89,,0,,,0,0,31.5447
496,21-01-2023 15:33:02,23230.88,,0,,,0,0,31.5447
497,21-01-2023 15:38:09,23213.04,PNT,25.133,BUY,0.1887,0.0019,-0.01,31.5347
498,21-01-2023 15:43:15,23256.36,,25.282,,,0,0,31.5347
499,21-01-2023 15:48:19,23204.2,PNT,24.22,SELL,0.1872,0.0019,-0.8049,30.7298
500,21-01-2023 15:53:24,23196.5,OCEAN,24.679,BUY,0.3304,0.0033,-0.01,30.7198
501,21-01-2023 15:58:30,22982.29,OCEAN,24.434,SELL,0.3295,0.0033,-0.2824,30.4374
502,21-01-2023 16:03:37,23029.26,,0,,,0,0,30.4374
503,21-01-2023 16:08:42,23080.77,,0,,,0,0,30.4374
504,21-01-2023 16:13:45,23085.69,,0,,,0,0,30.4374
505,21-01-2023 16:18:51,23135.55,,0,,,0,0,30.4374
506,21-01-2023 16:23:59,23122.09,API3,30.562,BUY,1.649,0.0165,-0.01,30.4274
507,21-01-2023 16:29:04,23134.69,API3,30.032,SELL,1.641,0.0164,-0.4951,29.9323
508,21-01-2023 16:34:11,23140.85,,0,,,0,0,29.9323
509,21-01-2023 16:39:16,23181.93,,0,,,0,0,29.9323
510,21-01-2023 16:44:22,23193.84,,0,,,0,0,29.9323
511,21-01-2023 16:49:28,23218.25,,0,,,0,0,29.9323
512,21-01-2023 16:54:33,23250.03,,0,,,0,0,29.9323
513,21-01-2023 16:59:39,23195,APT,37.004,BUY,12.3946,0.1239,-0.01,29.9223
514,21-01-2023 17:04:45,23209.07,,36.239,,,0,0,29.9223
515,21-01-2023 17:09:51,23241.4,,37.039,,,0,0,29.9223
516,21-01-2023 17:14:58,23281.72,,38.514,,,0,0,29.9223
517,21-01-2023 17:20:02,23240.33,,36.974,,,0,0,29.9223
518,21-01-2023 17:25:09,23213.3,APT,37.264,SELL,12.459,0.1246,0.5096,30.4319
519,21-01-2023 17:30:15,23223.94,,0,,,0,0,30.4319
520,21-01-2023 17:35:22,23181.68,LUNA,23.077,BUY,2.4299,0.0243,-0.01,30.4219
521,21-01-2023 17:40:30,23267.22,,23.637,,,0,0,30.4219
522,21-01-2023 17:45:35,23273.58,LUNA,22.932,SELL,2.4279,0.0243,-0.0923,30.3296
523,21-01-2023 17:50:41,23265.8,PHB,23.393,BUY,1.2037,0.012,-0.01,30.3196
524,21-01-2023 17:55:46,23204.32,PHB,22.743,SELL,1.1992,0.012,-0.3838,29.9357
525,21-01-2023 18:00:52,23237.41,,0,,,0,0,29.9357
526,21-01-2023 18:06:00,23205.36,MAGIC,21.756,BUY,1.0163,0.0102,-0.01,29.9257
527,21-01-2023 18:11:07,23184.69,,26.675,,,0,0,29.9257
528,21-01-2023 18:16:14,23143.58,,29.457,,,0,0,29.9257
529,21-01-2023 18:21:22,23144.23,MAGIC,29.6,SELL,1.0784,0.0108,6.1004,36.0261
530,21-01-2023 18:26:29,23172.86,,0,,,0,0,36.0261
531,21-01-2023 18:31:35,23155.35,HOOK,21.594,BUY,2.3278,0.0233,-0.01,36.0161
532,21-01-2023 18:36:41,23172.21,HOOK,21.171,SELL,2.3231,0.0232,-0.2119,35.8042
533,21-01-2023 18:41:46,23203.23,,0,,,0,0,35.8042
534,21-01-2023 18:46:52,23193.56,API3,22.487,BUY,1.596,0.016,-0.01,35.7942
535,21-01-2023 18:51:57,23208.43,API3,22.504,SELL,1.595,0.0159,-0.0727,35.7215
536,21-01-2023 18:57:04,23259.84,,0,,,0,0,35.7215
537,21-01-2023 19:02:12,23245.81,APT,38.302,BUY,12.7033,0.127,-0.01,35.7115
538,21-01-2023 19:07:17,23253.49,APT,37.789,SELL,12.6975,0.127,-0.0557,35.6559
539,21-01-2023 19:12:25,23222.79,HFT,23.885,BUY,0.4471,0.0045,-0.01,35.6459
540,21-01-2023 19:17:33,23219.93,,25.125,,,0,0,35.6459
541,21-01-2023 19:22:38,23223.94,HFT,23.243,SELL,0.4454,0.0045,-0.3902,35.2557
542,21-01-2023 19:27:46,23213.23,PHB,21.663,BUY,1.185,0.0119,-0.01,35.2457
543,21-01-2023 19:32:52,23246.5,PHB,21.75,SELL,1.1839,0.0118,-0.1028,35.1428
544,21-01-2023 19:37:57,23219.98,MAGIC,41.407,BUY,1.1618,0.0116,-0.01,35.1328
545,21-01-2023 19:43:02,23226.12,,41.955,,,0,0,35.1328
546,21-01-2023 19:48:10,23269.53,MAGIC,39.68,SELL,1.1532,0.0115,-0.7502,34.3826
547,21-01-2023 19:53:17,23290.26,,0,,,0,0,34.3826
548,21-01-2023 19:58:24,23272.77,SKL,19.423,BUY,0.0348,0.0003,-0.01,34.3726
549,21-01-2023 20:03:28,23243.67,SKL,18.532,SELL,0.0347,0.0003,-0.2111,34.1614
550,21-01-2023 20:08:33,23246.5,,0,,,0,0,34.1614
551,21-01-2023 20:13:39,23242.6,API3,22.812,BUY,1.642,0.0164,-0.01,34.1514
552,21-01-2023 20:18:45,23231.96,API3,21.636,SELL,1.636,0.0164,-0.3754,33.776
553,21-01-2023 20:23:51,23195.27,APT,30.085,BUY,12.68,0.1268,-0.01,33.766
554,21-01-2023 20:28:57,23180.51,,31.247,,,0,0,33.766
555,21-01-2023 20:34:02,23211.79,,31.541,,,0,0,33.766
556,21-01-2023 20:39:07,23176.84,APT,30.02,SELL,12.7101,0.1271,0.2274,33.9934
557,21-01-2023 20:44:12,23152.27,HFT,33.269,BUY,0.4831,0.0048,-0.01,33.9834
558,21-01-2023 20:49:18,23154.25,,36.647,,,0,0,33.9834
559,21-01-2023 20:54:23,23155.13,,38.536,,,0,0,33.9834
560,21-01-2023 20:59:29,23139.91,HFT,37.538,SELL,0.4972,0.005,2.9087,36.8921
561,21-01-2023 21:04:37,23105.94,BOND,19.551,BUY,4.684,0.0468,-0.01,36.8821
562,21-01-2023 21:09:44,23124.77,,23.252,,,0,0,36.8821
563,21-01-2023 21:14:51,23112.36,,33.025,,,0,0,36.8821
564,21-01-2023 21:19:56,23156.33,,34.769,,,0,0,36.8821
565,21-01-2023 21:25:02,23132.46,BOND,27.155,SELL,4.987,0.0499,6.4588,43.3409
566,21-01-2023 21:30:08,23160.8,,0,,,0,0,43.3409
567,21-01-2023 21:35:13,23184.63,,0,,,0,0,43.3409
568,21-01-2023 21:40:21,23187.59,,0,,,0,0,43.3409
569,21-01-2023 21:45:28,23196.63,,0,,,0,0,43.3409
570,21-01-2023 21:50:35,23185.19,MAGIC,28.636,BUY,1.0754,0.0108,-0.01,43.3309
571,21-01-2023 21:55:43,23188.46,,28.835,,,0,0,43.3309
572,21-01-2023 22:00:48,23192,MAGIC,26.969,SELL,1.08,0.0108,0.4177,43.7487
573,21-01-2023 22:05:55,23185.51,OCEAN,19.915,BUY,0.3384,0.0034,-0.01,43.7387
574,21-01-2023 22:11:02,23128.97,OCEAN,19.314,SELL,0.3373,0.0034,-0.3351,43.4036
575,21-01-2023 22:16:08,23143.41,,0,,,0,0,43.4036
576,21-01-2023 22:21:16,23134.29,FORTH,14.769,BUY,3.73,0.0373,-0.01,43.3936
577,21-01-2023 22:26:21,23092.69,FORTH,14.154,SELL,3.71,0.0371,-0.5462,42.8474
578,21-01-2023 22:31:26,23074.99,APT,17.407,BUY,12.6605,0.1266,-0.01,42.8374
579,21-01-2023 22:36:34,23062.06,APT,15.287,SELL,12.6,0.126,-0.4879,42.3495
580,21-01-2023 22:41:41,23087.82,,0,,,0,0,42.3495
581,21-01-2023 22:46:47,23045.66,HFT,20.146,BUY,0.4455,0.0045,-0.01,42.3395
582,21-01-2023 22:51:53,23051.06,,22.625,,,0,0,42.3395
583,21-01-2023 22:56:58,23066.75,HFT,21.92,SELL,0.4483,0.0045,0.6185,42.958
584,21-01-2023 23:02:07,22937.23,BOND,27.257,BUY,5.005,0.05,-0.01,42.948
585,21-01-2023 23:07:11,22891.45,BOND,23.868,SELL,4.868,0.0487,-2.7473,40.2008
586,21-01-2023 23:12:15,22892.26,,0,,,0,0,40.2008
587,21-01-2023 23:17:20,22893,,0,,,0,0,40.2008
588,21-01-2023 23:22:25,22745.54,REQ,16.7,BUY,0.1181,0.0012,-0.01,40.1908
589,21-01-2023 23:27:29,22790.13,,18.038,,,0,0,40.1908
590,21-01-2023 23:32:37,22852.4,,18.254,,,0,0,40.1908
591,21-01-2023 23:37:43,22858.14,REQ,17.875,SELL,0.1187,0.0012,0.498,40.6888
592,21-01-2023 23:42:49,22798.81,MAGIC,14.739,BUY,1.0875,0.0109,-0.01,40.6788
593,21-01-2023 23:47:55,22751.02,,15.466,,,0,0,40.6788
594,21-01-2023 23:52:59,22772.8,,15.375,,,0,0,40.6788
595,21-01-2023 23:58:05,22770.83,MAGIC,12.252,SELL,1.0573,0.0106,-2.787,37.8918
596,22-01-2023 00:03:12,22739.89,BURGER,14.597,BUY,0.683,0.0068,-0.01,37.8818
597,22-01-2023 00:08:17,22828.64,,18.167,,,0,0,37.8818
598,22-01-2023 00:13:22,22852.7,BURGER,15.993,SELL,0.689,0.0069,0.8685,38.7503
599,22-01-2023 00:18:28,22832.11,OCEAN,13.36,BUY,0.3165,0.0032,-0.01,38.7403
600,22-01-2023 00:23:36,22879.37,,12.744,,,0,0,38.7403
601,22-01-2023 00:28:41,22951.69,,13.333,,,0,0,38.7403
602,22-01-2023 00:33:48,22908.08,OCEAN,11.802,SELL,0.3183,0.0032,0.5587,39.299
603,22-01-2023 00:38:55,22887.87,HFT,21.715,BUY,0.4344,0.0043,-0.01,39.289
604,22-01-2023 00:44:01,22859.63,HFT,21.467,SELL,0.4323,0.0043,-0.4934,38.7956
605,22-01-2023 00:49:07,22875.4,,0,,,0,0,38.7956
606,22-01-2023 00:54:14,22865.09,BOND,25.395,BUY,4.923,0.0492,-0.01,38.7856
607,22-01-2023 00:59:19,22866.5,BOND,24.904,SELL,4.9,0.049,-0.4772,38.3084
608,22-01-2023 01:04:26,22837.18,REQ,15.109,BUY,0.1158,0.0012,-0.01,38.2984
609,22-01-2023 01:09:32,22834.93,REQ,14.726,SELL,0.1153,0.0012,-0.4418,37.8566
610,22-01-2023 01:14:40,22817.5,WING,14.151,BUY,7.26,0.0726,-0.01,37.8466
611,22-01-2023 01:19:44,22846.55,,15.071,,,0,0,37.8466
612,22-01-2023 01:24:48,22842.1,WING,11.268,SELL,7.11,0.0711,-2.0761,35.7705
613,22-01-2023 01:29:55,22786.11,MAGIC,13.083,BUY,1.0476,0.0105,-0.01,35.7605
614,22-01-2023 01:35:02,22861.59,,12.98,,,0,0,35.7605
615,22-01-2023 01:40:08,22834.01,MAGIC,12.211,SELL,1.0494,0.0105,0.1618,35.9223
616,22-01-2023 01:45:14,22724.07,LEVER,17.711,BUY,0.0026,0,-0.01,35.9123
617,22-01-2023 01:50:19,22763.76,LEVER,14.877,SELL,0.0025,0,-2.5949,33.3174
618,22-01-2023 01:55:26,22773.94,,0,,,0,0,33.3174
619,22-01-2023 02:00:33,22806.64,,0,,,0,0,33.3174
620,22-01-2023 02:05:39,22813.16,,0,,,0,0,33.3174
621,22-01-2023 02:10:44,22752.19,HFT,18.397,BUY,0.4254,0.0043,-0.01,33.3074
622,22-01-2023 02:15:50,22763.49,,18.958,,,0,0,33.3074
623,22-01-2023 02:20:54,22783.86,HFT,16.836,SELL,0.4254,0.0043,-0.01,33.2974
624,22-01-2023 02:25:59,22768.6,BOND,25.082,BUY,4.942,0.0494,-0.01,33.2874
625,22-01-2023 02:31:04,22801.54,,25.588,,,0,0,33.2874
626,22-01-2023 02:36:09,22820.94,,26.316,,,0,0,33.2874
627,22-01-2023 02:41:14,22759.76,,28.947,,,0,0,33.2874
628,22-01-2023 02:46:20,22694.64,,29.513,,,0,0,33.2874
629,22-01-2023 02:51:25,22708.56,,32.889,,,0,0,33.2874
630,22-01-2023 02:56:30,22727.48,,37.824,,,0,0,33.2874
631,22-01-2023 03:01:37,22735.55,BOND,35.344,SELL,5.296,0.053,7.1531,40.4405
632,22-01-2023 03:06:43,22742.42,,0,,,0,0,40.4405
633,22-01-2023 03:11:51,22723.1,OCEAN,13.82,BUY,0.3212,0.0032,-0.01,40.4305
634,22-01-2023 03:16:59,22739.4,OCEAN,12.312,SELL,0.3211,0.0032,-0.0411,40.3894
635,22-01-2023 03:22:08,22693.58,WING,13.788,BUY,7.18,0.0718,-0.01,40.3794
636,22-01-2023 03:27:15,22741.29,,14.557,,,0,0,40.3794
637,22-01-2023 03:32:22,22753.43,WING,13.249,SELL,7.18,0.0718,-0.01,40.3694
638,22-01-2023 03:37:28,22767.5,,0,,,0,0,40.3694
639,22-01-2023 03:42:36,22736.67,MAGIC,19.915,BUY,1.1296,0.0113,-0.01,40.3594
640,22-01-2023 03:47:41,22718.62,,23.546,,,0,0,40.3594
641,22-01-2023 03:52:49,22733.63,,25.915,,,0,0,40.3594
642,22-01-2023 03:57:55,22746.46,MAGIC,24.55,SELL,1.1699,0.0117,3.5576,43.917
643,22-01-2023 04:03:03,22751.26,,0,,,0,0,43.917
644,22-01-2023 04:08:11,22747.23,REQ,13.803,BUY,0.1146,0.0011,-0.01,43.907
645,22-01-2023 04:13:18,22725.12,REQ,13.817,SELL,0.1145,0.0011,-0.0973,43.8098
646,22-01-2023 04:18:24,22738.9,,0,,,0,0,43.8098
647,22-01-2023 04:23:31,22770.92,,0,,,0,0,43.8098
648,22-01-2023 04:28:37,22781.63,,0,,,0,0,43.8098
649,22-01-2023 04:33:42,22800.09,,0,,,0,0,43.8098
650,22-01-2023 04:38:47,22821.7,,0,,,0,0,43.8098
651,22-01-2023 04:43:52,22831.84,,0,,,0,0,43.8098
652,22-01-2023 04:48:57,22857.78,,0,,,0,0,43.8098
653,22-01-2023 04:54:02,22851.68,APT,21.537,BUY,13.6871,0.1369,-0.01,43.7998
654,22-01-2023 04:59:08,22845.63,,21.369,,,0,0,43.7998
655,22-01-2023 05:04:13,22847.44,APT,21.604,SELL,13.7257,0.1373,0.272,44.0718
656,22-01-2023 05:09:17,22876.26,,0,,,0,0,44.0718
657,22-01-2023 05:14:24,22867.29,BOND,23.221,BUY,4.919,0.0492,-0.01,44.0618
658,22-01-2023 05:19:30,22887.02,,24.236,,,0,0,44.0618
659,22-01-2023 05:24:35,22860.75,,24.015,,,0,0,44.0618
660,22-01-2023 05:29:42,22859.02,,25.631,,,0,0,44.0618
661,22-01-2023 05:34:49,22865.51,,27.588,,,0,0,44.0618
662,22-01-2023 05:39:54,22872.31,,32.881,,,0,0,44.0618
663,22-01-2023 05:45:01,22877.12,BOND,30.465,SELL,5.186,0.0519,5.4179,49.4797
664,22-01-2023 05:50:08,22867.49,HFT,22.246,BUY,0.455,0.0046,-0.01,49.4697
665,22-01-2023 05:55:13,22885.11,,21.847,,,0,0,49.4697
666,22-01-2023 06:00:19,22876.03,HFT,19.979,SELL,0.4498,0.0045,-1.1529,48.3169
667,22-01-2023 06:05:25,22866.49,STG,18.433,BUY,0.5699,0.0057,-0.01,48.3069
668,22-01-2023 06:10:30,22881.14,STG,17.306,SELL,0.566,0.0057,-0.6943,47.6125
669,22-01-2023 06:15:35,22866.04,MAGIC,28.415,BUY,1.175,0.0118,-0.01,47.6025
670,22-01-2023 06:20:40,22884.52,,29.936,,,0,0,47.6025
671,22-01-2023 06:25:46,22926.15,MAGIC,28.284,SELL,1.1679,0.0117,-0.6143,46.9883
672,22-01-2023 06:30:52,22915.65,BURGER,11.794,BUY,0.673,0.0067,-0.01,46.9783
673,22-01-2023 06:35:58,22943.57,,12.812,,,0,0,46.9783
674,22-01-2023 06:41:05,22948.43,BURGER,12.646,SELL,0.677,0.0068,0.5844,47.5626
675,22-01-2023 06:46:13,22944.21,APT,18.523,BUY,14.129,0.1413,-0.01,47.5526
676,22-01-2023 06:51:20,22947.68,,12.231,,,0,0,47.5526
677,22-01-2023 06:56:24,22926.06,APT,12.59,SELL,14.0947,0.1409,-0.2528,47.2999
678,22-01-2023 07:01:29,22917.59,BOND,30.362,BUY,5.191,0.0519,-0.01,47.2899
679,22-01-2023 07:06:36,22880.44,BOND,29.965,SELL,5.183,0.0518,-0.1641,47.1258
680,22-01-2023 07:11:40,22938.78,,0,,,0,0,47.1258
681,22-01-2023 07:16:44,22947.21,,0,,,0,0,47.1258
682,22-01-2023 07:21:50,22932.13,HFT,15.565,BUY,0.444,0.0044,-0.01,47.1158
683,22-01-2023 07:26:54,22895.69,HFT,14.438,SELL,0.4415,0.0044,-0.5731,46.5427
684,22-01-2023 07:32:00,22937.32,,0,,,0,0,46.5427
685,22-01-2023 07:37:06,22901.8,STG,35.657,BUY,0.6441,0.0064,-0.01,46.5327
686,22-01-2023 07:42:13,22907,,41.618,,,0,0,46.5327
687,22-01-2023 07:47:17,22887.44,STG,40.84,SELL,0.6704,0.0067,4.0732,50.6059
688,22-01-2023 07:52:21,22897.31,,0,,,0,0,50.6059
689,22-01-2023 07:57:27,22904.04,,0,,,0,0,50.6059
690,22-01-2023 08:02:37,22897.06,MAGIC,32.604,BUY,1.2311,0.0123,-0.01,50.5959
691,22-01-2023 08:07:43,22858.01,,37.596,,,0,0,50.5959
692,22-01-2023 08:12:49,22852.24,MAGIC,34.437,SELL,1.2461,0.0125,1.2084,51.8043
693,22-01-2023 08:17:57,22850.02,CTSI,25.055,BUY,0.1692,0.0017,-0.01,51.7943
694,22-01-2023 08:23:03,22868.58,CTSI,25.371,SELL,0.169,0.0017,-0.1282,51.6661
695,22-01-2023 08:28:11,22855.65,APT,11.194,BUY,13.909,0.1391,-0.01,51.6561
696,22-01-2023 08:33:17,22873.24,,11.693,,,0,0,51.6561
697,22-01-2023 08:38:23,22888.15,APT,11.032,SELL,13.9968,0.14,0.6212,52.2774
698,22-01-2023 08:43:29,22906.62,,0,,,0,0,52.2774
699,22-01-2023 08:48:36,22916.91,,0,,,0,0,52.2774
700,22-01-2023 08:53:40,22888.56,BOND,28.658,BUY,5.109,0.0511,-0.01,52.2674
701,22-01-2023 08:58:47,22894.85,BOND,28.088,SELL,5.071,0.0507,-0.7538,51.5136
702,22-01-2023 09:03:54,22890.8,HFT,18.806,BUY,0.4498,0.0045,-0.01,51.5036
703,22-01-2023 09:09:02,22898.38,,19.667,,,0,0,51.5036
704,22-01-2023 09:14:08,22921.61,HFT,18.829,SELL,0.4506,0.0045,0.1679,51.6714
705,22-01-2023 09:19:15,22910.32,STG,48.459,BUY,0.7129,0.0071,-0.01,51.6614
706,22-01-2023 09:24:19,22918.33,STG,46.778,SELL,0.706,0.0071,-0.9779,50.6836
707,22-01-2023 09:29:25,22927.52,,0,,,0,0,50.6836
708,22-01-2023 09:34:32,22898.98,MAGIC,37.504,BUY,1.2715,0.0127,-0.01,50.6736
709,22-01-2023 09:39:37,22891.95,,37.493,,,0,0,50.6736
710,22-01-2023 09:44:42,22868.76,MAGIC,37.628,SELL,1.2787,0.0128,0.5563,51.2298
711,22-01-2023 09:49:49,22886.65,,0,,,0,0,51.2298
712,22-01-2023 09:54:56,22859.7,CTSI,20.104,BUY,0.1619,0.0016,-0.01,51.2198
713,22-01-2023 10:00:02,22856.16,,20.296,,,0,0,51.2198
714,22-01-2023 10:05:08,22862.77,CTSI,19.673,SELL,0.1612,0.0016,-0.4424,50.7775
715,22-01-2023 10:10:14,22879.96,,0,,,0,0,50.7775
716,22-01-2023 10:15:20,22861.49,INJ,17.661,BUY,2.012,0.0201,-0.01,50.7675
717,22-01-2023 10:20:26,22872.3,,21.475,,,0,0,50.7675
718,22-01-2023 10:25:30,22849.69,INJ,21.487,SELL,2.075,0.0208,3.1212,53.8887
719,22-01-2023 10:30:36,22849.77,,0,,,0,0,53.8887
720,22-01-2023 10:35:42,22871.23,,0,,,0,0,53.8887
721,22-01-2023 10:40:46,22895.61,,0,,,0,0,53.8887
722,22-01-2023 10:45:52,22887.56,BOND,31.913,BUY,5.171,0.0517,-0.01,53.8787
723,22-01-2023 10:50:57,22878.22,BOND,32.411,SELL,5.168,0.0517,-0.068,53.8107
724,22-01-2023 10:56:03,22880.34,,0,,,0,0,53.8107
725,22-01-2023 11:01:13,22877.66,HFT,24.17,BUY,0.4562,0.0046,-0.01,53.8007
726,22-01-2023 11:06:18,22868.78,,23.385,,,0,0,53.8007
727,22-01-2023 11:11:24,22861.29,HFT,23.162,SELL,0.4557,0.0046,-0.1196,53.6811
728,22-01-2023 11:16:29,22859.17,STG,45.712,BUY,0.6882,0.0069,-0.01,53.6711
729,22-01-2023 11:21:33,22801.48,STG,44.816,SELL,0.6844,0.0068,-0.5622,53.1089
730,22-01-2023 11:26:38,22767.52,MAGIC,38.835,BUY,1.2484,0.0125,-0.01,53.0989
731,22-01-2023 11:31:43,22757.89,MAGIC,36.564,SELL,1.2344,0.0123,-1.1314,51.9675
732,22-01-2023 11:36:49,22798.35,,0,,,0,0,51.9675
733,22-01-2023 11:41:56,22780.27,LEVER,26.182,BUY,0.0028,0,-0.01,51.9575
734,22-01-2023 11:47:01,22800.02,LEVER,22.748,SELL,0.0027,0,-2.8198,49.1377
735,22-01-2023 11:52:07,22783.48,CTSI,18.666,BUY,0.1583,0.0016,-0.01,49.1277
736,22-01-2023 11:57:15,22766.53,,19.055,,,0,0,49.1277
737,22-01-2023 12:02:20,22793.89,CTSI,18.059,SELL,0.1569,0.0016,-0.8944,48.2333
738,22-01-2023 12:07:26,22752.93,BOND,37.487,BUY,5.417,0.0542,-0.01,48.2233
739,22-01-2023 12:12:31,22751.45,,39.168,,,0,0,48.2233
740,22-01-2023 12:17:36,22753.05,,46.558,,,0,0,48.2233
741,22-01-2023 12:22:41,22747.84,,49.56,,,0,0,48.2233
742,22-01-2023 12:27:47,22723.5,BOND,45.655,SELL,5.8,0.058,7.0603,55.2836
743,22-01-2023 12:32:54,22745.8,,0,,,0,0,55.2836
744,22-01-2023 12:37:59,22768.85,,0,,,0,0,55.2836
745,22-01-2023 12:43:07,22800.57,,0,,,0,0,55.2836
746,22-01-2023 12:48:12,22819.99,,0,,,0,0,55.2836
747,22-01-2023 12:53:18,22838.89,,0,,,0,0,55.2836
748,22-01-2023 12:58:23,22852.16,,0,,,0,0,55.2836
749,22-01-2023 13:03:30,22886.74,,0,,,0,0,55.2836
750,22-01-2023 13:08:38,22876.58,INJ,15.728,BUY,1.972,0.0197,-0.01,55.2736
751,22-01-2023 13:13:46,22874,INJ,14.953,SELL,1.968,0.0197,-0.2128,55.0608
752,22-01-2023 13:18:52,22874.38,,0,,,0,0,55.0608
753,22-01-2023 13:24:02,22863.19,STG,42.407,BUY,0.678,0.0068,-0.01,55.0508
754,22-01-2023 13:29:08,22889.85,,43.572,,,0,0,55.0508
755,22-01-2023 13:34:15,22889.85,,44.381,,,0,0,55.0508
756,22-01-2023 13:39:21,22917.86,,48.047,,,0,0,55.0508
757,22-01-2023 13:44:28,22910.08,,48.485,,,0,0,55.0508
758,22-01-2023 13:49:33,22917.35,,48.906,,,0,0,55.0508
759,22-01-2023 13:54:39,22906.6,STG,46.454,SELL,0.698,0.007,2.9399,57.9906
760,22-01-2023 13:59:47,22898.12,MAGIC,32.487,BUY,1.2059,0.0121,-0.01,57.9806
761,22-01-2023 14:04:52,22869.59,MAGIC,30.237,SELL,1.1905,0.0119,-1.2871,56.6936
762,22-01-2023 14:09:57,22877.5,,0,,,0,0,56.6936
763,22-01-2023 14:15:02,22881.58,,0,,,0,0,56.6936
764,22-01-2023 14:20:09,22888.22,,0,,,0,0,56.6936
765,22-01-2023 14:25:15,22914.91,,0,,,0,0,56.6936
766,22-01-2023 14:30:21,22933.23,,0,,,0,0,56.6936
767,22-01-2023 14:35:29,22919.77,ASTR,22.517,BUY,0.0555,0.0006,-0.01,56.6836
768,22-01-2023 14:40:34,22912.17,ASTR,14.013,SELL,0.0537,0.0005,-3.2532,53.4303
769,22-01-2023 14:45:40,22904.69,AXS,20.543,BUY,11.09,0.1109,-0.01,53.4203
770,22-01-2023 14:50:46,22876.55,,23.607,,,0,0,53.4203
771,22-01-2023 14:55:52,22956.11,AXS,21.858,SELL,11.15,0.1115,0.531,53.9513
772,22-01-2023 15:01:00,22989.69,,0,,,0,0,53.9513
773,22-01-2023 15:06:06,23038.88,,0,,,0,0,53.9513
774,22-01-2023 15:11:15,23035,BOND,54.008,BUY,6.071,0.0607,-0.01,53.9413
775,22-01-2023 15:16:21,23056.24,BOND,51.661,SELL,5.98,0.0598,-1.5089,52.4324
776,22-01-2023 15:21:28,22961.8,INJ,18.808,BUY,2.034,0.0203,-0.01,52.4224
777,22-01-2023 15:26:32,22759.48,INJ,16.832,SELL,2.006,0.0201,-1.3866,51.0358
778,22-01-2023 15:31:37,22814.69,,0,,,0,0,51.0358
779,22-01-2023 15:36:43,22794.02,STG,45.658,BUY,0.691,0.0069,-0.01,51.0258
780,22-01-2023 15:41:48,22799.86,STG,44.189,SELL,0.6849,0.0068,-0.8928,50.133
781,22-01-2023 15:46:55,22830.81,,0,,,0,0,50.133
782,22-01-2023 15:52:01,22829.92,MAGIC,28.495,BUY,1.195,0.012,-0.01,50.123
783,22-01-2023 15:57:06,22790.72,MAGIC,28.633,SELL,1.1905,0.0119,-0.3866,49.7365
784,22-01-2023 16:02:11,22803.66,,0,,,0,0,49.7365
785,22-01-2023 16:07:16,22760.67,BURGER,17.133,BUY,0.711,0.0071,-0.01,49.7265
786,22-01-2023 16:12:23,22743.58,BURGER,16.612,SELL,0.709,0.0071,-0.2913,49.4352
787,22-01-2023 16:17:30,22784.99,,0,,,0,0,49.4352
788,22-01-2023 16:22:35,22804.42,,0,,,0,0,49.4352
789,22-01-2023 16:27:40,22813.01,,0,,,0,0,49.4352
790,22-01-2023 16:32:46,22831.67,,0,,,0,0,49.4352
791,22-01-2023 16:37:53,22799.59,AXS,22.786,BUY,11.37,0.1137,-0.01,49.4252
792,22-01-2023 16:42:59,22825.43,,22.762,,,0,0,49.4252
793,22-01-2023 16:48:05,22847.63,,22.762,,,0,0,49.4252
794,22-01-2023 16:53:10,22860.42,AXS,22.306,SELL,11.35,0.1135,-0.1859,49.2393
795,22-01-2023 16:58:18,22827.89,BOND,54.047,BUY,6.071,0.0607,-0.01,49.2293
796,22-01-2023 17:03:23,22792.82,,54.402,,,0,0,49.2293
797,22-01-2023 17:08:30,22873.99,,54.592,,,0,0,49.2293
798,22-01-2023 17:13:37,22849.77,BOND,54.135,SELL,6.076,0.0608,0.0724,49.3016
799,22-01-2023 17:18:44,22853.54,,0,,,0,0,49.3016
800,22-01-2023 17:23:52,22866.19,,0,,,0,0,49.3016
801,22-01-2023 17:28:59,22893,,0,,,0,0,49.3016
802,22-01-2023 17:34:06,22932.46,,0,,,0,0,49.3016
803,22-01-2023 17:39:13,22914.37,OSMO,33.998,BUY,1.143,0.0114,-0.01,49.2916
804,22-01-2023 17:44:19,22898.62,,35.205,,,0,0,49.2916
805,22-01-2023 17:49:24,22931.94,OSMO,30.047,SELL,1.108,0.0111,-3.0721,46.2195
806,22-01-2023 17:54:32,22933.44,,0,,,0,0,46.2195
807,22-01-2023 17:59:43,22920.55,STG,46.934,BUY,0.6972,0.007,-0.01,46.2095
808,22-01-2023 18:04:50,22920,,47.813,,,0,0,46.2095
809,22-01-2023 18:09:55,22920.14,STG,46.752,SELL,0.6959,0.007,-0.1965,46.0131
810,22-01-2023 18:15:02,22909.36,INJ,17.811,BUY,2.024,0.0202,-0.01,46.0031
811,22-01-2023 18:20:07,22915.94,,19.546,,,0,0,46.0031
812,22-01-2023 18:25:12,22900.59,INJ,19.615,SELL,2.049,0.0205,1.2252,47.2282
813,22-01-2023 18:30:19,22875.86,MASK,15.247,BUY,3.477,0.0348,-0.01,47.2182
814,22-01-2023 18:35:25,22832.74,MASK,15.186,SELL,3.474,0.0347,-0.0963,47.1219
815,22-01-2023 18:40:30,22836.6,,0,,,0,0,47.1219
816,22-01-2023 18:45:37,22848.02,,0,,,0,0,47.1219
817,22-01-2023 18:50:44,22843.67,AXS,24.702,BUY,11.51,0.1151,-0.01,47.1119
818,22-01-2023 18:55:49,22835.07,,25.163,,,0,0,47.1119
819,22-01-2023 19:00:55,22825.27,,25.244,,,0,0,47.1119
820,22-01-2023 19:06:04,22845.6,,24.838,,,0,0,47.1119
821,22-01-2023 19:11:10,22813.02,AXS,24.919,SELL,11.53,0.1153,0.1638,47.2757
822,22-01-2023 19:16:18,22805.97,BOND,37.527,BUY,5.717,0.0572,-0.01,47.2657
823,22-01-2023 19:21:25,22815.92,BOND,38.729,SELL,5.656,0.0566,-1.077,46.1887
824,22-01-2023 19:26:29,22817.83,,0,,,0,0,46.1887
825,22-01-2023 19:31:36,22803.79,APT,13.181,BUY,14.4499,0.1445,-0.01,46.1787
826,22-01-2023 19:36:42,22804.64,APT,9.815,SELL,14.1927,0.1419,-1.7899,44.3888
827,22-01-2023 19:41:48,22829.07,,0,,,0,0,44.3888
828,22-01-2023 19:46:55,22835.59,,0,,,0,0,44.3888
829,22-01-2023 19:52:01,22833.07,STG,38.736,BUY,0.6762,0.0068,-0.01,44.3788
830,22-01-2023 19:57:06,22770.8,STG,39.188,SELL,0.6752,0.0068,-0.1579,44.2209
831,22-01-2023 20:02:14,22705.2,INJ,13.469,BUY,2.005,0.02,-0.01,44.2109
832,22-01-2023 20:07:20,22513.58,INJ,12.45,SELL,1.987,0.0199,-0.9078,43.3031
833,22-01-2023 20:12:26,22581.78,,0,,,0,0,43.3031
834,22-01-2023 20:17:33,22580.27,FIL,11.37,BUY,5.544,0.0554,-0.01,43.2931
835,22-01-2023 20:22:35,22609.97,FIL,11.438,SELL,5.534,0.0553,-0.1904,43.1028
836,22-01-2023 20:27:42,22571.93,AXS,23.478,BUY,11.36,0.1136,-0.01,43.0928
837,22-01-2023 20:32:48,22593.84,,24.269,,,0,0,43.0928
838,22-01-2023 20:37:54,22536.21,AXS,22.595,SELL,11.34,0.1134,-0.1861,42.9067
839,22-01-2023 20:42:58,22543.51,,0,,,0,0,42.9067
840,22-01-2023 20:48:03,22523.85,BOND,31.415,BUY,5.71,0.0571,-0.01,42.8967
841,22-01-2023 20:53:10,22465.73,BOND,29.169,SELL,5.624,0.0562,-1.5161,41.3806
842,22-01-2023 20:58:17,22445.3,OSMO,10.453,BUY,0.951,0.0095,-0.01,41.3706
843,22-01-2023 21:03:22,22479.92,,11.525,,,0,0,41.3706
844,22-01-2023 21:08:27,22400.02,OSMO,9.918,SELL,0.942,0.0094,-0.9564,40.4142
845,22-01-2023 21:13:36,22392.66,STG,29.804,BUY,0.6302,0.0063,-0.01,40.4042
846,22-01-2023 21:18:44,22385.76,STG,28.353,SELL,0.622,0.0062,-1.3112,39.093
847,22-01-2023 21:23:50,22402.78,,0,,,0,0,39.093
848,22-01-2023 21:28:57,22428.33,,0,,,0,0,39.093
849,22-01-2023 21:34:04,22507.94,,0,,,0,0,39.093
850,22-01-2023 21:39:12,22505.06,NEBL,12.641,BUY,1.8,0.018,-0.01,39.083
851,22-01-2023 21:44:19,22552.18,,13.622,,,0,0,39.083
852,22-01-2023 21:49:23,22548.6,,14.884,,,0,0,39.083
853,22-01-2023 21:54:28,22627.97,,17.761,,,0,0,39.083
854,22-01-2023 21:59:34,22596,NEBL,17.198,SELL,1.874,0.0187,4.1011,43.1841
855,22-01-2023 22:04:41,22567.53,CTSI,8.844,BUY,0.144,0.0014,-0.01,43.1741
856,22-01-2023 22:09:47,22591.33,CTSI,8.85,SELL,0.1439,0.0014,-0.0794,43.0947
857,22-01-2023 22:14:52,22606.33,,0,,,0,0,43.0947
858,22-01-2023 22:19:58,22583.54,AXS,22.727,BUY,11.34,0.1134,-0.01,43.0847
859,22-01-2023 22:25:05,22581.68,,24.134,,,0,0,43.0847
860,22-01-2023 22:30:11,22569.11,AXS,23.613,SELL,11.36,0.1136,0.1664,43.2511
861,22-01-2023 22:35:18,22552.67,POND,8.797,BUY,0.0098,0.0001,-0.01,43.2411
862,22-01-2023 22:40:24,22560.26,,13.363,,,0,0,43.2411
863,22-01-2023 22:45:29,22562.93,,21.516,,,0,0,43.2411
864,22-01-2023 22:50:35,22581.15,POND,11.955,SELL,0.01,0.0001,2.5489,45.7899
865,22-01-2023 22:55:40,22665.66,,0,,,0,0,45.7899
866,22-01-2023 23:00:45,22677.12,,0,,,0,0,45.7899
867,22-01-2023 23:05:51,22700.85,,0,,,0,0,45.7899
868,22-01-2023 23:10:57,22721.26,,0,,,0,0,45.7899
869,22-01-2023 23:16:04,22721.89,,0,,,0,0,45.7899
870,22-01-2023 23:21:11,22694.63,LEVER,15.742,BUY,0.0026,0,-0.01,45.7799
871,22-01-2023 23:26:16,22676.93,LEVER,15.92,SELL,0.0026,0,-0.1269,45.653
872,22-01-2023 23:31:22,22679.53,,0,,,0,0,45.653
873,22-01-2023 23:36:31,22695.5,,0,,,0,0,45.653
874,22-01-2023 23:41:36,22766.11,,0,,,0,0,45.653
875,22-01-2023 23:46:43,22719.24,STG,30.559,BUY,0.6353,0.0064,-0.01,45.643
876,22-01-2023 23:51:48,22701.74,STG,29.734,SELL,0.6331,0.0063,-0.3563,45.2867
877,22-01-2023 23:56:53,22724.21,,0,,,0,0,45.2867
878,23-01-2023 00:01:58,22687.07,NEBL,13.275,BUY,1.809,0.0181,-0.01,45.2767
879,23-01-2023 00:07:04,22721.05,NEBL,12.398,SELL,1.795,0.018,-0.7839,44.4928
880,23-01-2023 00:12:10,22693.5,YGG,17.872,BUY,0.2803,0.0028,-0.01,44.4828
881,23-01-2023 00:17:14,22677.02,YGG,17.783,SELL,0.2795,0.0028,-0.2954,44.1874
882,23-01-2023 00:22:19,22730.71,,0,,,0,0,44.1874
883,23-01-2023 00:27:25,22754.66,,0,,,0,0,44.1874
884,23-01-2023 00:32:30,22771.35,,0,,,0,0,44.1874
885,23-01-2023 00:37:35,22785.52,,0,,,0,0,44.1874
886,23-01-2023 00:42:42,22778.29,AXS,38.31,BUY,12.6,0.126,-0.01,44.1774
887,23-01-2023 00:47:46,22743.58,,40.11,,,0,0,44.1774
888,23-01-2023 00:52:50,22752.11,,43.654,,,0,0,44.1774
889,23-01-2023 00:57:55,22755.03,,43.831,,,0,0,44.1774
890,23-01-2023 01:03:00,22761.72,,43.837,,,0,0,44.1774
891,23-01-2023 01:08:07,22776.34,,49.353,,,0,0,44.1774
892,23-01-2023 01:13:12,22794.64,AXS,45.23,SELL,13.55,0.1355,7.5297,51.7071
893,23-01-2023 01:18:20,22772.18,VOXEL,18.368,BUY,0.2539,0.0025,-0.01,51.6971
894,23-01-2023 01:23:27,22770.8,,20.186,,,0,0,51.6971
895,23-01-2023 01:28:31,22777.79,VOXEL,20.037,SELL,0.257,0.0026,1.211,52.908
896,23-01-2023 01:33:39,22756.2,OSMO,16.268,BUY,0.972,0.0097,-0.01,52.898
897,23-01-2023 01:38:44,22756.45,,16.587,,,0,0,52.898
898,23-01-2023 01:43:51,22758.1,,17.266,,,0,0,52.898
899,23-01-2023 01:48:56,22753.27,OSMO,16.307,SELL,0.97,0.0097,-0.2158,52.6823
900,23-01-2023 01:54:02,22729.2,STG,31.503,BUY,0.637,0.0064,-0.01,52.6723
901,23-01-2023 01:59:08,22710.88,STG,31.057,SELL,0.6351,0.0064,-0.3083,52.364
902,23-01-2023 02:04:15,22707.25,HOOK,20.374,BUY,2.6061,0.0261,-0.01,52.354
903,23-01-2023 02:09:21,22719.81,HOOK,20.85,SELL,2.5932,0.0259,-0.505,51.849
904,23-01-2023 02:14:25,22736.94,,0,,,0,0,51.849
905,23-01-2023 02:19:30,22752.42,,0,,,0,0,51.849
906,23-01-2023 02:24:37,22720.38,GMT,21.773,BUY,0.6018,0.006,-0.01,51.839
907,23-01-2023 02:29:45,22742.95,,22.117,,,0,0,51.839
908,23-01-2023 02:34:52,22732.27,,23.142,,,0,0,51.839
909,23-01-2023 02:39:56,22737.16,,23.919,,,0,0,51.839
910,23-01-2023 02:45:02,22717.55,,26.143,,,0,0,51.839
911,23-01-2023 02:50:09,22743.58,GMT,24.847,SELL,0.614,0.0061,2.0173,53.8563
912,23-01-2023 02:55:18,22740.59,AXS,47.186,BUY,13.6,0.136,-0.01,53.8463
913,23-01-2023 03:00:24,22750.01,,47.619,,,0,0,53.8463
914,23-01-2023 03:05:31,22759.97,AXS,45.797,SELL,13.53,0.1353,-0.5247,53.3215
915,23-01-2023 03:10:39,22752,VOXEL,22.459,BUY,0.259,0.0026,-0.01,53.3115
916,23-01-2023 03:15:44,22746.76,,22.097,,,0,0,53.3115
917,23-01-2023 03:20:52,22716.69,,22.144,,,0,0,53.3115
918,23-01-2023 03:26:01,22705.53,VOXEL,20.309,SELL,0.2571,0.0026,-0.7436,52.568
919,23-01-2023 03:31:08,22715.51,,0,,,0,0,52.568
920,23-01-2023 03:36:15,22676.2,OSMO,18.041,BUY,0.988,0.0099,-0.01,52.558
921,23-01-2023 03:41:20,22692.47,OSMO,17.823,SELL,0.985,0.0098,-0.3136,52.2443
922,23-01-2023 03:46:27,22692.79,,0,,,0,0,52.2443
923,23-01-2023 03:51:33,22696.01,,0,,,0,0,52.2443
924,23-01-2023 03:56:41,22684.54,STG,21.348,BUY,0.6446,0.0064,-0.01,52.2343
925,23-01-2023 04:01:46,22676.92,,24.111,,,0,0,52.2343
926,23-01-2023 04:06:52,22670.66,,24.662,,,0,0,52.2343
927,23-01-2023 04:11:58,22692.43,,25.226,,,0,0,52.2343
928,23-01-2023 04:17:03,22709.78,,26.162,,,0,0,52.2343
929,23-01-2023 04:22:09,22700.72,,26.946,,,0,0,52.2343
930,23-01-2023 04:27:13,22705.41,STG,25.618,SELL,0.6551,0.0066,1.6189,53.8532
931,23-01-2023 04:32:21,22694.86,HOOK,16.971,BUY,2.3979,0.024,-0.01,53.8432
932,23-01-2023 04:37:26,22701.01,,16.916,,,0,0,53.8432
933,23-01-2023 04:42:34,22725.33,,17.527,,,0,0,53.8432
934,23-01-2023 04:47:39,22739.96,,24.02,,,0,0,53.8432
935,23-01-2023 04:52:45,22740.19,,24.929,,,0,0,53.8432
936,23-01-2023 04:57:50,22744.81,,24.122,,,0,0,53.8432
937,23-01-2023 05:02:55,22747.87,,26.447,,,0,0,53.8432
938,23-01-2023 05:08:01,22758.46,,27.233,,,0,0,53.8432
939,23-01-2023 05:13:06,22735.24,,27.627,,,0,0,53.8432
940,23-01-2023 05:18:12,22728.79,,29.438,,,0,0,53.8432
941,23-01-2023 05:23:17,22736,,30.498,,,0,0,53.8432
942,23-01-2023 05:28:23,22742.55,HOOK,29.925,SELL,2.7765,0.0278,15.7788,69.622
943,23-01-2023 05:33:28,22722.98,YGG,27.238,BUY,0.3027,0.003,-0.01,69.612
944,23-01-2023 05:38:34,22729.25,YGG,26.039,SELL,0.3001,0.003,-0.8689,68.7431
945,23-01-2023 05:43:39,22745.72,,0,,,0,0,68.7431
946,23-01-2023 05:48:45,22743.24,AXS,45.969,BUY,13.4,0.134,-0.01,68.7331
947,23-01-2023 05:53:50,22721.89,AXS,45.038,SELL,13.3,0.133,-0.7563,67.9768
948,23-01-2023 05:58:56,22711.48,VOXEL,21.565,BUY,0.261,0.0026,-0.01,67.9668
949,23-01-2023 06:04:03,22699.48,VOXEL,22.233,SELL,0.2595,0.0026,-0.5847,67.3821
950,23-01-2023 06:09:09,22716.82,,0,,,0,0,67.3821
951,23-01-2023 06:14:20,22735.22,,0,,,0,0,67.3821
952,23-01-2023 06:19:26,22745.33,,0,,,0,0,67.3821
953,23-01-2023 06:24:33,22758.24,,0,,,0,0,67.3821
954,23-01-2023 06:29:40,22734.55,GMT,17.271,BUY,0.6206,0.0062,-0.01,67.3721
955,23-01-2023 06:34:47,22743.93,,16.888,,,0,0,67.3721
956,23-01-2023 06:39:54,22756.66,,17.149,,,0,0,67.3721
957,23-01-2023 06:45:00,22767.22,GMT,16.632,SELL,0.6213,0.0062,0.1028,67.4749
958,23-01-2023 06:50:08,22780.77,,0,,,0,0,67.4749
959,23-01-2023 06:55:16,22782.52,,0,,,0,0,67.4749
960,23-01-2023 07:00:22,22776.5,OSMO,14.959,BUY,0.976,0.0098,-0.01,67.4649
961,23-01-2023 07:05:28,22782.52,,15.212,,,0,0,67.4649
962,23-01-2023 07:10:35,22752.42,,15.603,,,0,0,67.4649
963,23-01-2023 07:15:41,22750.6,,15.721,,,0,0,67.4649
964,23-01-2023 07:20:50,22755.24,OSMO,15.385,SELL,0.975,0.0097,-0.1125,67.3525
965,23-01-2023 07:25:57,22703.76,HOOK,22.333,BUY,2.6989,0.027,-0.01,67.3425
966,23-01-2023 07:31:02,22672.44,HOOK,21.516,SELL,2.6657,0.0267,-1.2401,66.1023
967,23-01-2023 07:36:10,22698.04,,0,,,0,0,66.1023
968,23-01-2023 07:41:16,22711.61,,0,,,0,0,66.1023
969,23-01-2023 07:46:23,22700,YGG,25.021,BUY,0.2988,0.003,-0.01,66.0923
970,23-01-2023 07:51:28,22695.52,,26.021,,,0,0,66.0923
971,23-01-2023 07:56:34,22681.17,YGG,24.853,SELL,0.2969,0.003,-0.6459,65.4465
972,23-01-2023 08:01:39,22684,,0,,,0,0,65.4465
973,23-01-2023 08:06:45,22714,,0,,,0,0,65.4465
974,23-01-2023 08:11:51,22741.59,,0,,,0,0,65.4465
975,23-01-2023 08:16:56,22748.55,,0,,,0,0,65.4465
976,23-01-2023 08:22:02,22751.28,,0,,,0,0,65.4465
977,23-01-2023 08:27:08,22722.37,AXS,38.755,BUY,12.71,0.1271,-0.01,65.4365
978,23-01-2023 08:32:14,22689.16,,38.974,,,0,0,65.4365
979,23-01-2023 08:37:20,22710.33,AXS,38.152,SELL,12.71,0.1271,-0.01,65.4265
980,23-01-2023 08:42:25,22731.09,,0,,,0,0,65.4265
981,23-01-2023 08:47:31,22750.7,,0,,,0,0,65.4265
982,23-01-2023 08:52:37,22721.87,SLP,24.4,BUY,0.0034,0,-0.01,65.4165
983,23-01-2023 08:57:44,22725.16,SLP,23.444,SELL,0.0034,0,-0.8869,64.5295
984,23-01-2023 09:02:50,22718.76,GMT,15.909,BUY,0.6018,0.006,-0.01,64.5195
985,23-01-2023 09:07:56,22721.5,,16.006,,,0,0,64.5195
986,23-01-2023 09:13:03,22743.75,,15.556,,,0,0,64.5195
987,23-01-2023 09:18:09,22745.61,,15.869,,,0,0,64.5195
988,23-01-2023 09:23:14,22738.87,,16.715,,,0,0,64.5195
989,23-01-2023 09:28:20,22767.63,,19.429,,,0,0,64.5195
990,23-01-2023 09:33:25,22776.46,,20.293,,,0,0,64.5195
991,23-01-2023 09:38:30,22761.28,,23.683,,,0,0,64.5195
992,23-01-2023 09:43:36,22762.76,,24.85,,,0,0,64.5195
993,23-01-2023 09:48:42,22756,GMT,24.166,SELL,0.6402,0.0064,6.3709,70.8904
994,23-01-2023 09:53:46,22744.91,SYS,13.299,BUY,0.1525,0.0015,-0.01,70.8804
995,23-01-2023 09:58:53,22782.47,,16.506,,,0,0,70.8804
996,23-01-2023 10:03:59,22785.02,SYS,12.649,SELL,0.1514,0.0015,-0.7313,70.1491
997,23-01-2023 10:09:05,22771.04,HOOK,21.154,BUY,2.7399,0.0274,-0.01,70.1391
998,23-01-2023 10:14:11,22850.41,HOOK,20.237,SELL,2.7123,0.0271,-1.0173,69.1217
999,23-01-2023 10:19:16,22891.76,,0,,,0,0,69.1217
1000,23-01-2023 10:24:20,22919.37,,0,,,0,0,69.1217
1001,23-01-2023 10:29:26,22896.9,YGG,20.159,BUY,0.2867,0.0029,-0.01,69.1117
1002,23-01-2023 10:34:30,22893.77,,20.778,,,0,0,69.1117
1003,23-01-2023 10:39:36,22907.3,YGG,20.075,SELL,0.2883,0.0029,0.5481,69.6598
1004,23-01-2023 10:44:43,22903.47,AXS,39.717,BUY,12.84,0.1284,-0.01,69.6498
1005,23-01-2023 10:49:49,22916.13,,39.674,,,0,0,69.6498
1006,23-01-2023 10:54:55,22937.22,AXS,39.457,SELL,12.83,0.1283,-0.0879,69.5619
1007,23-01-2023 11:00:00,22911.02,SLP,20.596,BUY,0.0033,0,-0.01,69.5519
1008,23-01-2023 11:05:05,22891.76,SLP,19.44,SELL,0.0033,0,-1.004,68.5479
1009,23-01-2023 11:10:10,22883.17,GMT,25.569,BUY,0.6458,0.0065,-0.01,68.5379
1010,23-01-2023 11:15:17,22873.38,GMT,25.531,SELL,0.6441,0.0064,-0.2732,68.2647
1011,23-01-2023 11:20:24,22883.88,,0,,,0,0,68.2647
1012,23-01-2023 11:25:32,22873.05,RNDR,21.577,BUY,0.817,0.0082,-0.01,68.2547
1013,23-01-2023 11:30:40,22845.41,RNDR,21.321,SELL,0.808,0.0081,-1.1116,67.1431
1014,23-01-2023 11:35:48,22876.82,,0,,,0,0,67.1431
1015,23-01-2023 11:40:55,22892.01,,0,,,0,0,67.1431
1016,23-01-2023 11:46:02,22879.28,HOOK,18.28,BUY,2.7163,0.0272,-0.01,67.1331
1017,23-01-2023 11:51:09,22861.24,,19.833,,,0,0,67.1331
1018,23-01-2023 11:56:15,22864.91,,23.384,,,0,0,67.1331
1019,23-01-2023 12:01:20,22916.1,,24.335,,,0,0,67.1331
1020,23-01-2023 12:06:27,22879.77,,24.116,,,0,0,67.1331
1021,23-01-2023 12:11:34,22851.18,HOOK,21.653,SELL,2.9069,0.0291,7.0069,74.14
1022,23-01-2023 12:16:40,22867.06,,0,,,0,0,74.14
1023,23-01-2023 12:21:47,22897.21,,0,,,0,0,74.14
1024,23-01-2023 12:26:52,22879.41,YGG,20.167,BUY,0.2878,0.0029,-0.01,74.13
1025,23-01-2023 12:31:59,22878.61,YGG,19.014,SELL,0.2848,0.0028,-1.0524,73.0776
1026,23-01-2023 12:37:05,22882.58,,0,,,0,0,73.0776
1027,23-01-2023 12:42:11,22884.32,,0,,,0,0,73.0776
1028,23-01-2023 12:47:16,22924.02,,0,,,0,0,73.0776
1029,23-01-2023 12:52:21,22948.3,,0,,,0,0,73.0776
1030,23-01-2023 12:57:26,22940.57,AXS,23.001,BUY,12.46,0.1246,-0.01,73.0676
1031,23-01-2023 13:02:33,22929.23,,23.762,,,0,0,73.0676
1032,23-01-2023 13:07:38,22894.71,AXS,24.526,SELL,12.49,0.1249,0.2308,73.2984
1033,23-01-2023 13:12:46,22856.54,SLP,21.655,BUY,0.0034,0,-0.01,73.2884
1034,23-01-2023 13:17:52,22918.37,SLP,21.327,SELL,0.0034,0,-0.2446,73.0438
1035,23-01-2023 13:22:59,22874.7,GMT,21.691,BUY,0.616,0.0062,-0.01,73.0338
1036,23-01-2023 13:28:05,22878,,21.564,,,0,0,73.0338
1037,23-01-2023 13:33:08,22875.81,,21.634,,,0,0,73.0338
1038,23-01-2023 13:38:13,22882.08,,21.361,,,0,0,73.0338
1039,23-01-2023 13:43:19,22865.45,,21.493,,,0,0,73.0338
1040,23-01-2023 13:48:23,22816.91,GMT,19.096,SELL,0.6087,0.0061,-1.1951,71.8387
1041,23-01-2023 13:53:32,22755.27,SYS,13.86,BUY,0.1528,0.0015,-0.01,71.8287
1042,23-01-2023 13:58:37,22797.92,,14.19,,,0,0,71.8287
1043,23-01-2023 14:03:44,22801.46,,14.701,,,0,0,71.8287
1044,23-01-2023 14:08:50,22760.93,SYS,13.393,SELL,0.1524,0.0015,-0.2718,71.5569
1045,23-01-2023 14:13:57,22715.11,HOOK,18.178,BUY,2.7845,0.0278,-0.01,71.5469
1046,23-01-2023 14:19:02,22751.72,HOOK,17.844,SELL,2.7651,0.0277,-0.7067,70.8402
1047,23-01-2023 14:24:07,22769.41,,0,,,0,0,70.8402
1048,23-01-2023 14:29:12,22787.6,,0,,,0,0,70.8402
1049,23-01-2023 14:34:20,22760.78,YGG,12.877,BUY,0.277,0.0028,-0.01,70.8302
1050,23-01-2023 14:39:28,22758.34,,13.49,,,0,0,70.8302
1051,23-01-2023 14:44:34,22805.63,,12.772,,,0,0,70.8302
1052,23-01-2023 14:49:41,22899.52,,13.168,,,0,0,70.8302
1053,23-01-2023 14:54:47,23046.23,YGG,11.418,SELL,0.282,0.0028,1.7951,72.6253
1054,23-01-2023 14:59:54,22537.45,RNDR,10.745,BUY,0.773,0.0077,-0.01,72.6153
1055,23-01-2023 15:05:00,22697.66,,11.412,,,0,0,72.6153
1056,23-01-2023 15:10:07,22694,,12.195,,,0,0,72.6153
1057,23-01-2023 15:15:12,22761.39,,13.63,,,0,0,72.6153
1058,23-01-2023 15:20:18,22803.25,,16.474,,,0,0,72.6153
1059,23-01-2023 15:25:22,22853.68,RNDR,17.055,SELL,0.803,0.008,3.871,76.4863
1060,23-01-2023 15:30:26,22855.3,,0,,,0,0,76.4863
1061,23-01-2023 15:35:31,22849.84,SLP,13.329,BUY,0.0032,0,-0.01,76.4763
1062,23-01-2023 15:40:38,22832.48,SLP,12.74,SELL,0.0032,0,-0.5642,75.9121
1063,23-01-2023 15:45:43,22851.63,,0,,,0,0,75.9121
1064,23-01-2023 15:50:49,22890.35,,0,,,0,0,75.9121
1065,23-01-2023 15:55:55,22875.92,GMT,17.706,BUY,0.6116,0.0061,-0.01,75.9021
1066,23-01-2023 16:01:02,22880.04,,15.964,,,0,0,75.9021
1067,23-01-2023 16:06:08,22900.96,GMT,18.617,SELL,0.6123,0.0061,0.1045,76.0065
1068,23-01-2023 16:11:16,22893.49,SYS,22.489,BUY,0.1634,0.0016,-0.01,75.9965
1069,23-01-2023 16:16:22,22888.08,SYS,22.264,SELL,0.1631,0.0016,-0.1936,75.8029
1070,23-01-2023 16:21:29,22902.51,,0,,,0,0,75.8029
1071,23-01-2023 16:26:36,22838.11,HOOK,18.434,BUY,2.7511,0.0275,-0.01,75.7929
1072,23-01-2023 16:31:42,22815.68,HOOK,16.712,SELL,2.7166,0.0272,-1.264,74.5289
1073,23-01-2023 16:36:48,22834.54,,0,,,0,0,74.5289
1074,23-01-2023 16:41:55,22842.86,,0,,,0,0,74.5289
1075,23-01-2023 16:47:01,22877.86,,0,,,0,0,74.5289
1076,23-01-2023 16:52:08,22881.69,,0,,,0,0,74.5289
1077,23-01-2023 16:57:15,22920.62,,0,,,0,0,74.5289
1078,23-01-2023 17:02:21,22906.01,YGG,13.42,BUY,0.2882,0.0029,-0.01,74.5189
1079,23-01-2023 17:07:27,22882.02,YGG,11.128,SELL,0.2846,0.0028,-1.2591,73.2598
1080,23-01-2023 17:12:35,22877.99,AUDIO,13.224,BUY,0.2209,0.0022,-0.01,73.2498
1081,23-01-2023 17:17:40,22887.55,AUDIO,12.174,SELL,0.2193,0.0022,-0.7343,72.5154
1082,23-01-2023 17:22:45,22906.4,,0,,,0,0,72.5154
1083,23-01-2023 17:27:53,22892.73,T,31.079,BUY,0.0316,0.0003,-0.01,72.5054
1084,23-01-2023 17:32:59,22882.02,T,20.697,SELL,0.0291,0.0003,-7.8922,64.6132
1085,23-01-2023 17:38:07,22896.56,,0,,,0,0,64.6132
1086,23-01-2023 17:43:15,22882.29,ADX,169.544,BUY,0.3841,0.0038,-0.01,64.6032
1087,23-01-2023 17:48:21,22881.13,,197.125,,,0,0,64.6032
1088,23-01-2023 17:53:26,22948.69,ADX,145.716,SELL,0.3499,0.0035,-8.9139,55.6893
1089,23-01-2023 17:58:32,22991.57,,0,,,0,0,55.6893
1090,23-01-2023 18:03:43,23052.36,,0,,,0,0,55.6893
1091,23-01-2023 18:08:48,23082.49,,0,,,0,0,55.6893
1092,23-01-2023 18:13:54,23096.17,,0,,,0,0,55.6893
1093,23-01-2023 18:18:59,23116.86,,0,,,0,0,55.6893
1094,23-01-2023 18:24:05,23133.04,,0,,,0,0,55.6893
1095,23-01-2023 18:29:12,23091.37,GMT,18.32,BUY,0.6084,0.0061,-0.01,55.6793
1096,23-01-2023 18:34:19,23099.4,,18.681,,,0,0,55.6793
1097,23-01-2023 18:39:24,23133.4,,19.512,,,0,0,55.6793
1098,23-01-2023 18:44:31,23098.97,GMT,19.343,SELL,0.6108,0.0061,0.3845,56.0638
1099,23-01-2023 18:49:36,23110.86,,0,,,0,0,56.0638
1100,23-01-2023 18:54:42,23064.58,CELR,17.155,BUY,0.0172,0.0002,-0.01,56.0538
1101,23-01-2023 18:59:47,22926.01,CELR,13.896,SELL,0.0167,0.0002,-2.8572,53.1966
1102,23-01-2023 19:04:53,22872.09,HOOK,15.663,BUY,2.6348,0.0263,-0.01,53.1866
1103,23-01-2023 19:10:00,22909.78,,16.388,,,0,0,53.1866
1104,23-01-2023 19:15:08,22929.13,,15.872,,,0,0,53.1866
1105,23-01-2023 19:20:12,22861.46,HOOK,15.266,SELL,2.6284,0.0263,-0.2529,52.9337
1106,23-01-2023 19:25:17,22854.03,SYS,16.325,BUY,0.1589,0.0016,-0.01,52.9237
1107,23-01-2023 19:30:21,22853.07,SYS,13.763,SELL,0.1554,0.0016,-2.2126,50.711
1108,23-01-2023 19:35:27,22843.43,T,32.875,BUY,0.0319,0.0003,-0.01,50.701
1109,23-01-2023 19:40:34,22768.78,T,31.575,SELL,0.0317,0.0003,-0.6999,50.0012
1110,23-01-2023 19:45:41,22685.94,ADX,99.576,BUY,0.2824,0.0028,-0.01,49.9912
1111,23-01-2023 19:50:46,22709.89,ADX,94.488,SELL,0.2752,0.0028,-2.5596,47.4316
1112,23-01-2023 19:55:52,22757.08,,0,,,0,0,47.4316
1113,23-01-2023 20:00:59,22786.55,,0,,,0,0,47.4316
1114,23-01-2023 20:06:07,22772.38,MAGIC,18.662,BUY,1.3105,0.0131,-0.01,47.4216
1115,23-01-2023 20:11:14,22815.49,MAGIC,18.28,SELL,1.3038,0.013,-0.5213,46.9003
1116,23-01-2023 20:16:21,22845.87,,0,,,0,0,46.9003
1117,23-01-2023 20:21:26,22856.25,,0,,,0,0,46.9003
1118,23-01-2023 20:26:36,22835.18,OXT,19.187,BUY,0.0938,0.0009,-0.01,46.8903
1119,23-01-2023 20:31:41,22824.92,,22.293,,,0,0,46.8903
1120,23-01-2023 20:36:48,22851.62,OXT,17.154,SELL,0.0922,0.0009,-1.7158,45.1746
1121,23-01-2023 20:41:54,22876.76,,0,,,0,0,45.1746
1122,23-01-2023 20:47:02,22876.84,,0,,,0,0,45.1746
1123,23-01-2023 20:52:09,22875.51,HOOK,23.017,BUY,2.6964,0.027,-0.01,45.1646
1124,23-01-2023 20:57:15,22959.29,,26.224,,,0,0,45.1646
1125,23-01-2023 21:02:21,23005.77,HOOK,25.749,SELL,2.7334,0.0273,1.3622,46.5268
1126,23-01-2023 21:07:27,22975.12,SYS,22.029,BUY,0.1612,0.0016,-0.01,46.5168
1127,23-01-2023 21:12:33,22958.87,SYS,20.228,SELL,0.1581,0.0016,-1.9331,44.5837
1128,23-01-2023 21:17:40,22956.6,T,40.173,BUY,0.0324,0.0003,-0.01,44.5737
1129,23-01-2023 21:22:47,22960,,42.641,,,0,0,44.5737
1130,23-01-2023 21:27:53,22976.33,T,37.747,SELL,0.032,0.0003,-1.06,43.5137
1131,23-01-2023 21:32:59,22972.42,ADX,87.563,BUY,0.2609,0.0026,-0.01,43.5037
1132,23-01-2023 21:38:04,22966.64,ADX,85.93,SELL,0.259,0.0026,-0.7382,42.7654
1133,23-01-2023 21:43:11,22975.05,,0,,,0,0,42.7654
1134,23-01-2023 21:48:18,22969.65,RNDR,21.364,BUY,0.801,0.008,-0.01,42.7554
1135,23-01-2023 21:53:22,22959.22,,21.331,,,0,0,42.7554
1136,23-01-2023 21:58:27,22984.22,,21.955,,,0,0,42.7554
1137,23-01-2023 22:03:36,22981.5,,22.006,,,0,0,42.7554
1138,23-01-2023 22:08:41,23003.61,,23.1,,,0,0,42.7554
1139,23-01-2023 22:13:46,23002.6,RNDR,21.694,SELL,0.819,0.0082,2.2372,44.9926
1140,23-01-2023 22:18:52,22975.81,CELR,21.851,BUY,0.0175,0.0002,-0.01,44.9826
1141,23-01-2023 22:23:58,22972.74,,22.021,,,0,0,44.9826
1142,23-01-2023 22:29:03,22988,CELR,22.013,SELL,0.0175,0.0002,-0.2956,44.687
1143,23-01-2023 22:34:11,22975.45,GMT,21.398,BUY,0.6025,0.006,-0.01,44.677
1144,23-01-2023 22:39:18,22975.86,,21.34,,,0,0,44.677
1145,23-01-2023 22:44:29,22948.71,GMT,21.302,SELL,0.6019,0.006,-0.1096,44.5675
1146,23-01-2023 22:49:33,22953.04,,0,,,0,0,44.5675
1147,23-01-2023 22:54:39,22905.27,HOOK,17.056,BUY,2.7116,0.0271,-0.01,44.5575
1148,23-01-2023 22:59:44,22918.66,HOOK,16.501,SELL,2.7076,0.0271,-0.1575,44.3999
1149,23-01-2023 23:04:48,22923.02,,0,,,0,0,44.3999
1150,23-01-2023 23:09:54,22925.3,,0,,,0,0,44.3999
1151,23-01-2023 23:15:01,22906,T,64.831,BUY,0.0389,0.0004,-0.01,44.3899
1152,23-01-2023 23:20:07,22893.73,,65.874,,,0,0,44.3899
1153,23-01-2023 23:25:11,22914.06,T,60.908,SELL,0.0379,0.0004,-2.555,41.835
1154,23-01-2023 23:30:15,22921.69,,0,,,0,0,41.835
1155,23-01-2023 23:35:23,22908.06,ADX,76.487,BUY,0.2492,0.0025,-0.01,41.825
1156,23-01-2023 23:40:27,22939.22,ADX,74.522,SELL,0.2466,0.0025,-1.0533,40.7716
1157,23-01-2023 23:45:33,22932.55,RNDR,27.207,BUY,0.879,0.0088,-0.01,40.7616
1158,23-01-2023 23:50:38,22950.31,RNDR,25.581,SELL,0.864,0.0086,-1.7165,39.0451
1159,23-01-2023 23:55:47,22936.13,OXT,23.418,BUY,0.0975,0.001,-0.01,39.0351
1160,24-01-2023 00:00:53,22912.39,OXT,18.861,SELL,0.0939,0.0009,-3.7023,35.3328
1161,24-01-2023 00:05:59,22899.95,ICX,17.626,BUY,0.2309,0.0023,-0.01,35.3228
1162,24-01-2023 00:11:04,22921.29,,31.635,,,0,0,35.3228
1163,24-01-2023 00:16:12,22936.46,,38.96,,,0,0,35.3228
1164,24-01-2023 00:21:19,22965.79,ICX,34.483,SELL,0.2652,0.0027,14.8449,50.1677
1165,24-01-2023 00:26:27,22960.13,HOOK,25.917,BUY,2.9316,0.0293,-0.01,50.1577
1166,24-01-2023 00:31:32,22965.82,,28.085,,,0,0,50.1577
1167,24-01-2023 00:36:39,22981.75,HOOK,26.675,SELL,2.9851,0.0299,1.8149,51.9727
1168,24-01-2023 00:41:46,22984.81,,0,,,0,0,51.9727
1169,24-01-2023 00:46:53,22972.74,T,80.144,BUY,0.0426,0.0004,-0.01,51.9627
1170,24-01-2023 00:51:59,22955.01,,93.933,,,0,0,51.9627
1171,24-01-2023 00:57:05,22970.14,,99.958,,,0,0,51.9627
1172,24-01-2023 01:02:12,23017.51,,101.355,,,0,0,51.9627
1173,24-01-2023 01:07:17,22995.15,T,97.798,SELL,0.0467,0.0005,9.5116,61.4743
1174,24-01-2023 01:12:24,22997.27,,0,,,0,0,61.4743
1175,24-01-2023 01:17:30,22998.81,,0,,,0,0,61.4743
1176,24-01-2023 01:22:37,22982.48,ADX,70.238,BUY,0.2431,0.0024,-0.01,61.4643
1177,24-01-2023 01:27:43,22962.17,,70.539,,,0,0,61.4643
1178,24-01-2023 01:32:48,22945.41,ADX,68.908,SELL,0.2412,0.0024,-0.7916,60.6727
1179,24-01-2023 01:37:53,22975.61,,0,,,0,0,60.6727
1180,24-01-2023 01:42:58,22985.85,,0,,,0,0,60.6727
1181,24-01-2023 01:48:03,23003.21,,0,,,0,0,60.6727
1182,24-01-2023 01:53:08,23030.27,,0,,,0,0,60.6727
1183,24-01-2023 01:58:15,23075.78,,0,,,0,0,60.6727
1184,24-01-2023 02:03:22,23095.27,,0,,,0,0,60.6727
1185,24-01-2023 02:08:28,23097.44,,0,,,0,0,60.6727
1186,24-01-2023 02:13:36,23085.33,RNDR,20.977,BUY,0.842,0.0084,-0.01,60.6627
1187,24-01-2023 02:18:43,23126.53,,21.09,,,0,0,60.6627
1188,24-01-2023 02:23:48,23131.56,RNDR,21.182,SELL,0.841,0.0084,-0.1288,60.5339
1189,24-01-2023 02:28:58,23120.02,OXT,20.075,BUY,0.0957,0.001,-0.01,60.5239
1190,24-01-2023 02:34:02,23099.18,OXT,18.672,SELL,0.0947,0.0009,-1.0549,59.469
1191,24-01-2023 02:39:09,23067.82,ICX,39.394,BUY,0.276,0.0028,-0.01,59.459
1192,24-01-2023 02:44:14,23083.77,,41.726,,,0,0,59.459
1193,24-01-2023 02:49:21,23066.04,ICX,38.894,SELL,0.2764,0.0028,0.1349,59.5939
1194,24-01-2023 02:54:27,23068.86,,0,,,0,0,59.5939
1195,24-01-2023 02:59:34,23058.9,HOOK,23.31,BUY,3.0608,0.0306,-0.01,59.5839
1196,24-01-2023 03:04:40,23053.61,HOOK,18.967,SELL,3.0346,0.0303,-0.866,58.7179
1197,24-01-2023 03:09:50,23037.15,T,89.131,BUY,0.0459,0.0005,-0.01,58.7079
1198,24-01-2023 03:14:56,23033.3,,88.725,,,0,0,58.7079
1199,24-01-2023 03:20:02,23033.57,,92.343,,,0,0,58.7079
1200,24-01-2023 03:25:08,23014.26,T,91.31,SELL,0.0464,0.0005,1.1001,59.8081
1201,24-01-2023 03:30:12,23026.11,,0,,,0,0,59.8081
1202,24-01-2023 03:35:18,23033.66,,0,,,0,0,59.8081
1203,24-01-2023 03:40:23,23056.24,,0,,,0,0,59.8081
1204,24-01-2023 03:45:29,23049.54,ADX,64.07,BUY,0.2338,0.0023,-0.01,59.7981
1205,24-01-2023 03:50:33,23065.1,ADX,62.947,SELL,0.2322,0.0023,-0.6943,59.1037
1206,24-01-2023 03:55:38,23066.52,,0,,,0,0,59.1037
1207,24-01-2023 04:00:43,23086.97,,0,,,0,0,59.1037
1208,24-01-2023 04:05:49,23082.23,RNDR,23.358,BUY,0.845,0.0084,-0.01,59.0937
1209,24-01-2023 04:10:56,23079.51,,22.999,,,0,0,59.0937
1210,24-01-2023 04:16:01,23090.76,,23.589,,,0,0,59.0937
1211,24-01-2023 04:21:08,23077.46,RNDR,23.088,SELL,0.853,0.0085,0.9367,60.0305
1212,24-01-2023 04:26:12,23113.18,,0,,,0,0,60.0305